index,label,feasible,k_i,k_o,indicated_thermal_efficiency,indicated_power_w,heat_input_w,heat_out_w,maximum_pressure_pa,maximum_temperature_k,maximum_absolute_mass_flow_kg_s,maximum_tube_reynolds,maximum_tube_mach_number,cold_isothermality_error,hot_isothermality_error,pressure_equalization_error,convergence_cycles,constraint_power_ok,constraint_pressure_ok,constraint_temperature_ok,constraint_mass_flow_ok,constraint_validity_ok,hi_tube_length_m,ho_tube_length_m,hi_working_gas_volume_m3,ho_working_gas_volume_m3,hi_wall_capacity_j_k,ho_wall_capacity_j_k,hi_static_conductance_w_k,ho_static_conductance_w_k,hi_internal_area_m2,ho_internal_area_m2,total_tube_length_factor_vs_symmetric_baseline,hi_to_ho_length_ratio
8,sobol,True,1.0941096737980842,0.5951122685149313,0.20561604223540905,51.31259070077389,249.55538557651204,-198.30220773113584,497893.21044951584,586.0451995991173,0.010272477233453536,534.4433099614554,0.040820803375021954,0.024381445700794528,0.07537617004184591,0.011409747516977197,33,True,True,True,True,True,0.0463173095241189,0.02519308603379876,3.994554019990571e-05,3.3246104237732764e-05,160.6664773534649,88.30246997753838,13.232108911443538,7.197258684488189,0.17805200242309957,0.09684671803312445,0.8446109711565077,1.838492888960889
119,sobol,True,1.092196634411812,0.6041070125252008,0.2055509144334134,51.48231416313506,250.46015633178976,-198.92143835489046,497488.1802361476,585.9020154172418,0.010272485127207694,534.4437206476028,0.04082658478559331,0.02449748046541582,0.07457357887731275,0.01157325295510203,30,True,True,True,True,True,0.046236324190100035,0.0255738635302335,3.991985612875474e-05,3.336686581054845e-05,160.38905066788905,89.60687700453357,13.20897270662125,7.3060406788574355,0.17774068034854226,0.09831049467331457,0.8481518234685064,1.8079522531055705
62,sobol,True,1.1938170835375785,0.5755560613051057,0.2054719418838788,51.60375125575473,251.14743542414308,-199.4891369066937,499062.22928158595,587.9788409130934,0.010257688794047417,533.6739159461898,0.04072473202640844,0.02248274095225762,0.07713278936595785,0.01104175503187078,28,True,True,True,True,True,0.05053825653642416,0.024365206595249475,4.128419126187835e-05,3.298354664429024e-05,175.12592675627104,85.46645217906116,14.437965450825889,6.960746870460554,0.19427807590155574,0.09366420174897257,0.8846865724213422,2.0741977433623604
39,sobol,True,1.1005763232707977,0.6254288176819682,0.2054663316499695,51.95829525835344,252.87985063591393,-200.8641078244036,496607.7258644673,585.8242650556923,0.0102701736845614,534.323463865271,0.04082640280477572,0.02452211641456382,0.07274598553862972,0.011958329914517953,27,True,True,True,True,True,0.0465910643517971,0.026476486615203323,4.003236009831316e-05,3.3653127956870906e-05,161.60426313188077,92.69893970725816,13.310316254056675,7.5639055481474875,0.17910436482803832,0.10178033887116253,0.863002570476383,1.759714762344774
17,sobol,True,1.200674358010292,0.6000715422257781,0.20544766858057342,52.18626945044526,254.0124685327281,-201.7730519669794,498001.86781661195,587.8168692643973,0.010256211209286638,533.5970420556614,0.04072789099319445,0.022581507956721557,0.07485988117371298,0.011484309121967403,25,True,True,True,True,True,0.0508285478224357,0.025403028620891274,4.13762556107479e-05,3.331268642091236e-05,176.12036050536162,89.02165792439216,14.52089699309407,7.257235898322508,0.1953940074030048,0.09765377479893773,0.9003729501180351,2.0008853503646673
110,sobol,True,1.2114619806408882,0.5977181375026703,0.2054306690563664,52.20582899450066,254.12870061858362,-201.87073281149932,498123.47789040237,588.0134113804042,0.010254722882835816,533.5196093102192,0.04071779246077105,0.022390353806791396,0.07505803988152998,0.01144021474256573,25,True,True,True,True,True,0.05128522384713093,0.02530340115427971,4.152108800112226e-05,3.328109009582408e-05,177.68476864725605,88.6803699839371,14.651361973856082,7.228773936642955,0.1971495515287547,0.09727078904029188,0.9045900590717793,2.0268114762294225
65,sobol,True,1.1924892246723175,0.6238376384228468,0.20538812626121433,52.60715251988688,256.13531550008236,-203.473734986568,496970.3109981269,587.4385476748345,0.010256928877803833,533.6343799955828,0.04074266017432935,0.022904079382162962,0.07281979717205993,0.011915712474558972,22,True,True,True,True,True,0.05048204384446144,0.026409126693233847,4.1266363703377176e-05,3.3631765113220905e-05,174.9333622505189,92.46818879267545,14.42190639061928,7.544661903969446,0.1940619842833597,0.10152139531176853,0.9081634315475822,1.9115377964162366
105,sobol,True,1.2902255959808828,0.6157321234792471,0.20519195850702734,53.044002293376884,258.50916712001776,-205.426118690394,497444.4456319311,589.0019768592234,0.010241875836635253,532.8512196181694,0.0406611315051175,0.021345911375491154,0.07340323888041438,0.011756406713695046,22,True,True,True,True,True,0.05461955022985737,0.02606599322728813,4.257855201102046e-05,3.352294214594662e-05,189.1069740156062,91.29273670223525,15.603925287568446,7.4466342024642325,0.20996729710327827,0.1002023290417772,0.952978859730065,2.0954333009139634
113,sobol,True,1.2269255638122558,0.6540134393423795,0.20514886922541128,53.37705871268137,260.18695064817683,-206.77191657895645,495788.5214476155,587.6943431183179,0.010249925018660982,533.2699921680178,0.04072329666542058,0.02257376234521663,0.07039696467249891,0.012457869450880132,22,True,True,True,True,True,0.05193984886805216,0.027686568932160736,4.172869887064878e-05,3.403689917549719e-05,179.92727899865983,96.8442473797466,14.83837779282275,7.909606565203638,0.19966604691695497,0.10643211121814775,0.9404695015773177,1.875994421530463
57,sobol,True,1.3045020140707493,0.6391193636879325,0.20504830070988878,53.57341678203811,261.2721812205413,-207.66858118049734,496476.8044252285,588.9812149184735,0.010238455569479813,532.673274332143,0.040657358786959946,0.021310361193033017,0.07147055426741633,0.012178093779724881,22,True,True,True,True,True,0.05522391859566172,0.027056053062789145,4.277022424768869e-05,3.3836934396108996e-05,191.1773231056394,94.68432632784369,15.776583590071743,7.729478342307317,0.21229059694168112,0.10400829571041206,0.971810688879341,2.041092929094397
9,sobol,True,1.263937745243311,0.6636887040361762,0.2049958882463284,53.77043745363939,262.3000778875498,-208.49945180560889,495450.86511600553,588.1717293987685,0.010243500085354356,532.9357239535804,0.04069598537147028,0.02207013599704247,0.06963588722271319,0.012628522964858214,22,True,True,True,True,True,0.05350669788196683,0.02809615513753146,4.222561676379289e-05,3.4166797278266645e-05,185.29474131753943,98.24734270299513,15.286001305779838,8.026618743453502,0.20568929410658052,0.10800663367595935,0.9638132246397435,1.9044135263366129
81,sobol,True,1.2144419491291045,0.6997256509959697,0.20476683668086812,54.006668785464925,263.7471460753923,-209.7106072981983,493944.9416945697,587.08774217165,0.010247740356461428,533.1563313566533,0.04074678379121602,0.02307825632223006,0.0671369464614953,0.013289254641192188,22,True,True,True,True,True,0.05141137584646543,0.029621719225496054,4.156109644173684e-05,3.465062187509469e-05,178.11692011613786,103.47337768432857,14.687401567082482,8.462447818387632,0.19763450232408294,0.11387117424357196,0.9570838000625371,1.7355972978845382
53,sobol,True,1.4119571208953858,0.6459871866926551,0.2046415455744661,54.23357743933264,265.01743469093293,-210.76441939235045,496164.4797711844,590.3262741941631,0.01022048074780769,531.7381032948073,0.04058158801157735,0.019929592651289758,0.07078555649782944,0.012290660863332609,22,True,True,True,True,True,0.059772851451238,0.0273467909033224,4.421289428837078e-05,3.392914036738768e-05,206.76033428067063,95.68028981243994,17.076140399270372,7.812537458005965,0.22977750652570653,0.1051259438471234,1.0289721537940204,2.185735491325094
89,sobol,True,1.3307898648083212,0.6867736425250769,0.20462105954159382,54.52195027418316,266.4532692594154,-211.91064246474943,494580.9177376376,588.9323949901424,0.010230968870133663,532.2837659118943,0.040650704467694046,0.021250489281569578,0.06790869662120237,0.01303902755727273,22,True,True,True,True,True,0.056336770943552265,0.029073417533561588,4.3123159494916264e-05,3.447673088806033e-05,194.98955580370617,101.59509289447297,16.094507571860355,8.305806861074954,0.21656859993837893,0.11176340470376163,1.008781753666699,1.9377416115088149
101,sobol,True,1.3952643841505052,0.6679240538924933,0.20456172618312934,54.54345815602563,266.6356956100224,-212.07401342146528,495300.8592996347,589.936310359913,0.010221918132441056,531.8128857045109,0.04059903029099092,0.02027658350005828,0.0691640097919505,0.012689878750658334,22,True,True,True,True,True,0.05906619226237139,0.028275451614782218,4.398878105717617e-05,3.422366020949511e-05,204.33957354696406,98.86154807760674,16.874259257070477,8.07784085757878,0.22706098251122628,0.10869588132721339,1.0315942190214993,2.0889566351432554
49,sobol,True,1.2381541222333907,0.7357875518873334,0.20430685671454937,54.643994326187546,267.4604034583836,-212.79318943810514,492604.3834142671,587.1720163780788,0.01024002289100711,532.7548169324123,0.04073547686989325,0.022915078573088516,0.06480646547362313,0.01394103055542367,22,True,True,True,True,True,0.05241519117454688,0.03114833969656378,4.18794511737539e-05,3.513478149824709e-05,181.55563112194787,108.70303145499653,14.974175429481235,8.898578684950346,0.20149334756065332,0.11973977573632837,0.986970837060362,1.6827603552920418
69,sobol,True,1.3577959686517715,0.7136393769085407,0.20426882993932935,55.06001262343259,269.5468155361059,-214.46988165220577,493542.3813766595,589.0860655333045,0.010223965842382278,531.9194213389014,0.04063674190126923,0.021036408584390213,0.06607842920123196,0.013523373326067008,22,True,True,True,True,True,0.05748002933959166,0.030210733622461558,4.3485737859796376e-05,3.483742468160147e-05,198.90594870882265,105.49112958825393,16.42111807160102,8.630719739428239,0.2209634892096531,0.11613545068607843,1.035717672780156,1.902635998778113
121,sobol,True,1.3182726807892324,0.7310830374062062,0.20418478814141258,55.07831326901907,269.7473879928479,-214.65129314623658,492876.3834370001,588.4072158500271,0.01022837208578397,532.148663736288,0.040670776728789076,0.021682793854940773,0.06502134018073186,0.013844893324729948,22,True,True,True,True,True,0.055806876820077504,0.030949181916862727,4.295510637104273e-05,3.5071619659797165e-05,193.1743287362043,108.02078838718083,15.943125360212226,8.841682516786836,0.2145315923762755,0.11897417769451107,1.0246778590977192,1.8031777696091866
21,sobol,True,1.4494283974170685,0.6902742870524525,0.20416997808422094,55.15096877503444,270.1228128274787,-214.9579514229314,494372.3538501385,590.4214814077286,0.010211343048392989,531.2626987541457,0.04056716624726605,0.019735290071989944,0.0675080150189724,0.01308947439648104,22,True,True,True,True,True,0.0613591354906559,0.02922161148522049,4.4715975897252984e-05,3.452372981749199e-05,212.19437402094096,102.10275218030786,17.529316185811517,8.348143484866686,0.23587546542124824,0.11233308869687265,1.0698513422347604,2.099786164143949
109,sobol,True,1.4600748576223852,0.7055736927688122,0.2039822589291714,55.42905062644167,271.7346641684572,-216.29298510088415,493770.8426300047,590.4319903242996,0.010208198362126759,531.0990910382346,0.040563448260467844,0.019691556588053744,0.06646458734924018,0.01336581703077377,22,True,True,True,True,True,0.06180983563934764,0.02986928632721305,4.485891307010034e-05,3.472913647446227e-05,213.73831095662075,104.3214537133904,17.658073955102658,8.533173749717989,0.23760803721333743,0.11482286635711843,1.0828242751955988,2.0693442408442975
117,sobol,True,1.4233847111463547,0.7438999570906162,0.20369227450761254,55.78646676649677,273.8762032156103,-218.0774264153869,492373.10717065504,589.7127658114983,0.010210259670132346,531.2063341353299,0.04059682026369485,0.020339894723479277,0.06411576096998622,0.01406556669256745,22,True,True,True,True,True,0.060256619438529016,0.03149176485016942,4.4366318751660085e-05,3.524369697272286e-05,208.41754976206363,109.87948276266164,17.214345117149577,8.996689716919349,0.23163719698981916,0.12105996330573161,1.0836423341184855,1.9134087824298247
37,sobol,True,1.3838396549224854,0.7668752099946141,0.2035254744649856,55.86596178833943,274.4912494870542,-218.61242944500296,491551.9266188196,589.04740585816,0.010213578813864529,531.3790183011987,0.040629430706568624,0.020978525264642865,0.06283018182241357,0.014487426058501408,22,True,True,True,True,True,0.058582545391718546,0.032464383889772,4.3835395005389274e-05,3.5552157966538485e-05,202.68277296769995,113.21132648169912,16.736089140262962,9.27455130243876,0.22520175764108216,0.12479888444289076,1.0753574324585498,1.804517393295585
61,sobol,True,1.54559158757329,0.7292740379646421,0.2033613382147437,56.105806392648134,275.892197037974,-219.77771475767724,492721.6218583274,591.2267890231138,0.010191023315992712,530.2055296999113,0.04051298096798219,0.018835486080937453,0.06482207415570321,0.01378768056335149,22,True,True,True,True,True,0.06543004387393594,0.030872600940503182,4.600704300010554e-05,3.504733240742661e-05,226.13984493538135,107.75844945005129,18.692309106806206,8.819804565970058,0.2515247636376429,0.11867978675668614,1.137432812768966,2.119356383352051
13,sobol,True,1.4861796028912067,0.753933650739491,0.20332215496457628,56.19009239236984,276.3599097312319,-220.16003756089864,491928.13889736193,590.3995165866426,0.01019847198953473,530.5930597622466,0.040556187365599725,0.019632893638855575,0.0634366518431405,0.014241275283187632,22,True,True,True,True,True,0.06291493652239441,0.03191652454797179,4.520938998117379e-05,3.5378407268513983e-05,217.5239899184337,111.3345570246269,17.973783468302962,9.11803671743081,0.24185624219604593,0.12269281537592709,1.120056626815349,1.971233942712992
93,sobol,True,1.519486842304468,0.7765297029912472,0.2028796328921777,56.59078159281691,278.9377168426395,-222.33896736418706,491051.5786687284,590.6334347448229,0.010190066493195028,530.1557493468943,0.040538449278967506,0.01937739756814908,0.06211106597294153,0.014648613905663717,22,True,True,True,True,True,0.06432494299088914,0.0328730907599628,4.565656608903209e-05,3.568177719279777e-05,222.3541659735683,114.61140951824869,18.376599593605892,9.391312268798512,0.24727655865493434,0.1263700265793669,1.1480082726478575,1.9567658989106245
