index,label,feasible,k_i,k_o,indicated_thermal_efficiency,indicated_power_w,heat_input_w,heat_out_w,maximum_pressure_pa,maximum_temperature_k,maximum_absolute_mass_flow_kg_s,maximum_tube_reynolds,maximum_tube_mach_number,cold_isothermality_error,hot_isothermality_error,pressure_equalization_error,convergence_cycles,constraint_power_ok,constraint_pressure_ok,constraint_temperature_ok,constraint_mass_flow_ok,constraint_validity_ok,hi_tube_length_m,ho_tube_length_m,hi_working_gas_volume_m3,ho_working_gas_volume_m3,hi_wall_capacity_j_k,ho_wall_capacity_j_k,hi_static_conductance_w_k,ho_static_conductance_w_k,hi_internal_area_m2,ho_internal_area_m2
0,sobol,True,1.6924872607924044,1.1808183688670397,0.19395725778706152,59.13133224535802,304.86785037080756,-245.73499567653548,477752.62261248997,590.6287995273127,0.010076253004173188,524.2344066747486,0.040475881266563575,0.019079717586708355,0.04680142781208681,0.02200329760817912,22,True,True,True,True,True,0.07164862737354512,0.04998797761537135,4.79792339282193e-05,4.110967320706718e-05,247.4424799145909,173.2408686891601,20.46885819800257,14.280759631017839,0.27543010822084,0.1921627055402083
1,sobol,True,1.1418842282146215,0.841892260685563,0.202738061329554,54.95676108615532,271.07273654364394,-216.09239027219735,488466.51285373856,584.7427032214479,0.010236242100200688,532.5581147828785,0.0408436396902254,0.025184618051199398,0.059109372355755946,0.01588749289065926,22,True,True,True,True,True,0.048339765661085644,0.0356401057023555,4.058695148691095e-05,3.655932137431195e-05,167.59468614087967,124.09020952206221,13.809892037188911,10.181803846429249,0.18582668468982966,0.1370069257492357
2,sobol,True,0.5904725822620094,1.3706658080220222,0.18329306060752645,45.94198956682208,250.64773000432723,-204.7261231762985,464190.9078323563,570.4256207485697,0.01010615949101466,525.7903431303508,0.041722174463704374,0.044501577415729215,0.04209815112594014,0.025735883725520593,22,True,True,True,True,True,0.02499667264909173,0.058024852539598944,3.3183812769667145e-05,4.365852566147948e-05,87.62962822190258,200.7723174339012,7.14114654574759,16.57676527982721,0.09609166993535931,0.2230578868058119
3,sobol,True,1.4929815912619233,0.5067311704158783,0.20394093501484342,51.12999534693759,250.7098211706061,-199.53588780788272,502070.6977983594,592.6229419829879,0.010202062793765917,530.7798775331821,0.040482222243283954,0.01794523322702612,0.0840563852724506,0.009769195770035686,25,True,True,True,True,True,0.06320288736342142,0.021451619547605518,4.530071207027203e-05,3.205951789337062e-05,218.5104061430836,75.48554875306186,18.056046383156144,6.128382004420129,0.242963176609358,0.08246385325297728
4,sobol,True,1.4263977222144604,1.2330646891146897,0.19353250170859967,57.961633349454395,299.4930197136952,-241.52415434682598,476631.009101288,587.3230476313881,0.010102260384024378,525.5874853776957,0.040653394865149316,0.02230876693839199,0.04579025453055121,0.02298815956098474,22,True,True,True,True,True,0.060384170240412156,0.0521997385058552,4.440677081511848e-05,4.181112149728363e-05,208.8544930263927,180.817567613317,17.250784325721927,14.912624074130923,0.2321275250317392,0.20066510905798343
5,sobol,True,0.8285404336638749,0.37264040149748323,0.20122911695419263,41.786017936716846,207.65393482409868,-165.86450962689247,509539.20127605693,584.1041779690729,0.010574447790236448,550.1538479563599,0.04097177167655669,0.027086254387649236,0.10617247679066376,0.007447097971469915,23,True,True,True,True,True,0.03507487835843737,0.015775110330060124,3.63800625061039e-05,3.0259242962126112e-05,122.15394352378257,56.03986569274955,10.020327503107621,4.506694799893268,0.13483409098307755,0.06064233893486196
6,sobol,True,1.0328070214018226,1.0150823906064033,0.19892568329058236,54.70756714521035,275.01510232490097,-220.2771970385017,482072.29793824017,581.4252689823736,0.010209780911046826,531.1814258698234,0.04098284936724948,0.028285634973394674,0.05211252981463414,0.019070647056196106,22,True,True,True,True,True,0.04372216390601049,0.04297182120233774,3.9122503467265676e-05,3.888453623996178e-05,151.7764399640927,149.2060351883655,12.490717630026719,12.276356811621783,0.16807579960322033,0.1651913483631731
7,sobol,True,1.981837512459606,0.6796863377094269,0.2013201470129953,56.38731550854132,280.0877922312539,-223.70422353721358,492815.4854554793,595.251435923056,0.010115579668954424,526.2804441025056,0.04026740782335563,0.014809140053401955,0.06720342715991064,0.01285883744694095,22,True,True,True,True,True,0.08389778802745665,0.028773388296365738,5.186399056454502e-05,3.438157819938071e-05,289.4037076167472,100.56730041995274,23.968245997328978,8.2200933430839,0.32251806744903055,0.11061003878037227
8,sobol,True,1.8740542214363813,1.4664754081517457,0.18592844478495912,59.16296405304053,318.2028662772238,-259.03918471896924,469307.30321628856,591.4826605720749,0.009966404816994191,518.5193656564029,0.040386324405385636,0.01795718778916008,0.04065503450406819,0.027210255058655337,22,True,True,True,True,True,0.07933496204080681,0.062080792278423905,5.0416914390686764e-05,4.494484553776472e-05,273.77310356144073,214.66651114526465,22.664720144475282,17.735481900326004,0.3049777501901426,0.23864964288199658
9,sobol,True,0.9484612331725657,0.5281490955501795,0.2052725024328296,48.45607056249809,236.05728964284515,-187.62408861725072,500117.97539636557,583.9237217454365,0.010367832346040325,539.4043238273871,0.04094182656404512,0.026689158659112033,0.0821604643347664,0.01022328389309068,23,True,True,True,True,True,0.040151525537638615,0.022358311711624265,3.799009435864464e-05,3.23470705266322e-05,139.54471455444488,78.59155066005803,11.470643790265525,6.387409344019833,0.15434962858963194,0.08594933971675396
10,sobol,True,0.7722097793594003,1.0844571277499198,0.1953052426005212,50.95749038769415,260.91204572487067,-209.96676029721073,476860.3587515612,575.9435575483711,0.010206082062216454,530.9889868926396,0.04133928367562685,0.03577451914281467,0.0495985786378507,0.020412322756894873,32,True,True,True,True,True,0.03269021399288128,0.0459086850747466,3.562377879155035e-05,3.981594711297391e-05,113.98493935578158,159.2666766610555,9.339067323566205,13.115371491383392,0.12566701565515567,0.17648117712695652
11,sobol,True,1.2997545707039535,0.8211037248373032,0.20292364409517677,55.93297523641616,275.63557458184647,-219.68832109701142,489577.95177258184,587.5080526696653,0.010218292144363083,531.6242374333848,0.04070340771851174,0.022458463383033724,0.06003131877108239,0.015484547198424715,22,True,True,True,True,True,0.05502294349313403,0.03476005768477917,4.270648605489821e-05,3.628021879143634e-05,190.4888545421272,121.07548089716174,15.719168242063457,9.93038831008843,0.21151801278664492,0.13362386413862232
12,sobol,True,1.619853672105819,0.9198615599423647,0.2000191012813463,58.16802767656492,290.8123639389117,-232.64125187473974,485933.3372720861,590.934212668754,0.010149348553605983,528.0373284524763,0.040496625588506904,0.018980701468741236,0.05522178746200478,0.017247713279688666,22,True,True,True,True,True,0.06857380545247967,0.03894080603756011,4.7004070388375906e-05,3.7606121060755284e-05,236.90924368568992,135.39722412129325,19.590431126981844,11.124760740260108,0.26360994410152616,0.14969540679703372
13,sobol,True,0.6470321603119373,0.6576841626316309,0.2021231061892393,46.17115209534682,228.43084576445568,-182.28612075730862,489595.2266662507,575.2005628471401,0.010391340978455935,540.6274008939342,0.041456186292029684,0.03750969807596991,0.06955535582531379,0.012656328607100732,23,True,True,True,True,True,0.027391028119872013,0.02784196288473904,3.394316996708183e-05,3.4086181547210606e-05,95.83183063788869,97.37657128437219,7.825175317876018,7.954000113227518,0.10529599960099185,0.10702947329952252
14,sobol,True,1.2260927348397672,1.3300135418772698,0.1911883055028588,56.474715520711676,295.3879180641999,-238.89499008225945,473594.24015479494,583.8413084083616,0.010100268482692309,525.483853282259,0.0408199970415322,0.025628822488512896,0.04374835488182511,0.02479390305481843,22,True,True,True,True,True,0.05190459244155014,0.05630390660613776,4.171751748110736e-05,4.311273674380076e-05,179.80650313636082,194.87697438000754,14.828305599940732,16.085118760281286,0.19953051492251347,0.2164422635612214
15,sobol,True,1.8001332646235824,0.39284581840038296,0.19897432230159479,47.09868520727083,236.70735330301127,-189.61550995715123,506571.5211403151,596.6584822787876,0.010218635920449422,531.6421229760143,0.04026292663298943,0.014126388038595469,0.1003263302438093,0.007710950387951424,22,True,True,True,True,True,0.07620564153573166,0.016630472978949547,4.942446691263047e-05,3.053051671064024e-05,263.053174745375,58.97003110506351,21.770723706266676,4.751058124213561,0.2929480837894603,0.06393050558351804
16,sobol,True,1.7386790602467954,1.2967482805252075,0.1908942566087917,59.19894377578815,310.11380241317187,-250.9133625881671,474333.5941432654,590.7110158807324,0.010037304400348562,522.2080385190109,0.04045528227435242,0.018891703789426444,0.04404739344876689,0.02411777627287001,22,True,True,True,True,True,0.07360408021711434,0.05489567720890045,4.859939547444343e-05,4.266612422471035e-05,254.14115946890263,190.0528859331411,21.027499562605716,15.682810315598477,0.28294721787204163,0.21102877848133758
17,sobol,True,1.1880759662017226,0.4350832477211952,0.2037014289444746,47.24856916878538,231.9501115608988,-184.7103148009202,505963.04115244333,589.8366975060759,0.010370119622601584,539.523323327548,0.040661436183762445,0.02103481620895217,0.09454316029847709,0.008512232344986529,22,True,True,True,True,True,0.05029521590253959,0.018418524153530597,4.1207112207887954e-05,3.1097587701282e-05,174.29335678127848,65.09525262836392,14.368532658409654,5.2618755297230635,0.19334378433803578,0.07080409334887276
18,sobol,True,0.6381280687637627,0.9522115711122752,0.1963085353639273,47.79877961544511,243.48803543785382,-195.74258658451552,478273.94563992525,573.1855919861662,0.010240653698471916,532.78763577657,0.04156605067026743,0.04026594040946776,0.05370861538936934,0.01804294248165103,22,True,True,True,True,True,0.027014088244332622,0.04031028984375298,3.382362547547376e-05,3.8040445620189446e-05,94.5405699226102,140.08858408053462,7.717489669951974,11.516000193980235,0.10384697546028797,0.15495994691138718
19,sobol,True,1.5406371839344501,0.6155563194304705,0.20419191602640943,54.136739628418084,265.12675272323827,-210.97447969418585,497169.1449931238,592.0377855896544,0.010198727742714834,530.6063657616663,0.04048921602667101,0.01825763153001236,0.07302239590902751,0.01172784923483319,22,True,True,True,True,True,0.06522030745322506,0.026058550855889918,4.5940526201505495e-05,3.3520581837147016e-05,225.42136324054994,91.26724180918029,18.632390791384676,7.444508036892174,0.2507184994121879,0.10017371923814562
20,sobol,True,1.2908505657687783,1.0887834191322325,0.19734903008814245,57.102998545943294,289.350287257248,-232.23647025572885,480810.3283151685,585.9214716550749,0.010160523001229394,528.6186983245261,0.0407462658194303,0.023819477137727564,0.049714517284481556,0.020370042072182834,22,True,True,True,True,True,0.054646007284211616,0.04609183140993118,4.258694272613835e-05,3.9874031006322135e-05,189.19760638736236,159.89407026708528,15.611483641632795,13.167693447878557,0.21006900274107093,0.17718522431905614
21,sobol,True,0.692993204575032,0.7509693279862404,0.20158543267740128,48.116063257928104,238.6881959617023,-190.61739299240185,486852.38814318,575.6392531888932,0.010301541172804726,535.9554114336089,0.041405300398090726,0.036539967423112975,0.06347990050866342,0.01434102009098313,25,True,True,True,True,True,0.029336712327009688,0.031791034884750845,3.4560233441831716e-05,3.5338608884301254e-05,102.49704635012789,110.90467448153204,8.381025940475649,9.082186342958277,0.11277555687068744,0.12221041071880308
22,sobol,True,0.8870069365948439,1.4614535931497812,0.1861117125831641,52.24095146327823,280.69674250047177,-228.50313253766586,467594.3215378381,577.2708361091362,0.010086514414129468,524.7682741905651,0.04119469889304057,0.03355047029034675,0.04110745219210888,0.027281497511171628,22,True,True,True,True,True,0.03754996031584839,0.0618682021100074,3.716502168258691e-05,4.487742368814517e-05,130.63268590710317,213.93825353511437,10.727418531530962,17.67474831517412,0.14434874766772016,0.23783240834115368
23,sobol,True,1.8360375449992716,0.5986128050833941,0.20252980094254067,54.50904473225075,269.1408596590455,-214.6252082661063,496739.32295965235,594.7759533443215,0.010144055673273667,527.7619572426166,0.04032014295563854,0.015475163508996878,0.07384966221706842,0.011400984216584845,22,True,True,True,True,True,0.07772558940496917,0.025341275415197016,4.990651035533804e-05,3.329310171773039e-05,268.2599705772278,88.81011360730074,22.204948318017802,7.239594002630105,0.29879103461015805,0.09741638445733806
24,sobol,True,1.920246004126966,1.0105006009340285,0.19668698939029228,59.42028408910674,302.1058193696644,-242.69156568067996,482005.68034555804,593.253068479025,0.010079288872912411,524.3923529715108,0.04033991439953979,0.016582485388649242,0.05144537004576354,0.018876629266704192,22,True,True,True,True,True,0.08129041417470823,0.04277785877287387,5.103707571184349e-05,3.882302207941258e-05,280.4717806846853,148.54158952564998,23.22336130633777,12.220944871296156,0.3124948571132545,0.164445722174698
25,sobol,True,0.994652898516506,0.7494170531630515,0.20407591394722047,52.7191870851316,258.3312555873997,-205.54902214667229,491014.7463946205,582.4378569420575,0.01026991547160732,534.3100298918762,0.040973679112255655,0.02761065014454875,0.06404679138043647,0.01423060633407922,22,True,True,True,True,True,0.04210697270386542,0.03172532191723585,3.861025410432959e-05,3.531776836356198e-05,146.2433746602193,110.67956544175465,12.02928353294343,9.063413207126635,0.16186671641611622,0.12195779834620583
26,sobol,True,0.8198652379214764,1.2378298614174128,0.19174321280147183,51.72263924010203,269.7495180372038,-218.12068906722286,472996.817997895,576.4913220939316,0.010159598121600293,528.5705798698381,0.041280011242293704,0.034859768804229654,0.0455792286345132,0.023205317066111706,27,True,True,True,True,True,0.0347076284053425,0.05240146413333714,3.626359112224463e-05,4.187509771510124e-05,120.89587700471058,181.50860720593002,9.915410109869498,14.97025383502367,0.13342231663326823,0.20144057836486345
27,sobol,True,1.3474101019091904,0.3017741549760103,0.1955533953544127,40.53337681727703,207.27523929623442,-166.73561132375264,516602.4920262698,594.5640307670236,0.01047503196823344,544.9815686933993,0.040446859495369705,0.016839609491750618,0.12368759712453177,0.006125180350834875,23,True,True,True,True,True,0.057040360980822394,0.012775105893984435,4.3346299360884546e-05,2.930780739267507e-05,197.3998027256806,45.762927312530614,16.295511906909585,3.649641878624253,0.21927332558647933,0.04910978657787962
28,sobol,True,1.4843064877204597,1.4037488132715226,0.18893452483804757,57.94556358717376,306.6965322343495,-248.74362836442103,471833.7578444557,587.5124421073156,0.01004423728007137,522.5687335200721,0.040620687168092647,0.021951090060865368,0.042159669875054206,0.026103044447486932,22,True,True,True,True,True,0.06283564131349946,0.059425366428494455,4.518424192428345e-05,4.410269124783056e-05,217.25235299488102,205.56997531858332,17.95113010499162,16.976869528114875,0.2415514172640418,0.22844171209491587
29,sobol,False,0.5114848697558045,0.464163301885128,0.1990020800360819,39.3583901712233,197.77878786034327,-158.4339508630881,497730.73970381974,573.4422302567397,0.010627594150513106,552.9188788299413,0.041635235916728804,0.04107460855947292,0.08881747475719676,0.009192140200600763,25,False,True,True,True,True,0.02165285948632906,0.019649579779803753,3.212334007756252e-05,3.1488010494236686e-05,76.17492455032108,69.31240733043514,6.185873011861648,5.613568283258526,0.08323745548560632,0.07553649083923256
30,sobol,True,1.0802926332689822,1.1482849571853875,0.19578621130282792,55.36179243885326,282.7665547561143,-227.3791604013777,478246.84647793445,581.770765138896,0.010169364887043874,529.0787126534558,0.04094697304220052,0.027831219587267156,0.04807150022011512,0.021496692763762947,22,True,True,True,True,True,0.045732388141720245,0.048610729854181405,3.9760035471361205e-05,4.067288635029273e-05,158.66274664830414,168.52291220688292,13.065006298704324,13.887302140473892,0.17580346025892366,0.18686831939748763
31,sobol,True,1.6543332245200872,0.8836908090859652,0.20053242233199703,58.04855899434201,289.47218768563073,-231.42090802871854,487030.53258298617,591.4600406789654,0.010150357094647552,528.0897995361536,0.04047182468223259,0.018479261480795144,0.056683976068833374,0.016585694963249215,22,True,True,True,True,True,0.07003343983801703,0.03740957758463919,4.746698572813143e-05,3.712050004048433e-05,241.90942717123121,130.1517850587794,20.00742514841267,10.68731344754117,0.2692210391288659,0.14380909139981007
32,sobol,True,1.6256325584836304,1.3613333959132432,0.18965854334935286,58.68237786215536,309.41067470955875,-250.72467358946344,472821.6166089536,589.339908590868,0.010036347851296527,522.1582724080824,0.0405257759162483,0.020190737155071376,0.04284761170377516,0.025310249664488686,22,True,True,True,True,True,0.06881844497580702,0.057629780426993966,4.708165652171232e-05,4.3533230626608724e-05,237.74729088201013,199.4189421827981,19.66032069634523,16.463899543980855,0.26455038208136145,0.22153915911040872
33,sobol,True,1.098100658506155,0.49731587804853916,0.20508731546936684,48.86997726073552,238.2886389091921,-189.4408261679651,502490.37173688255,587.3917488158528,0.010340455572882833,537.9800000805594,0.0407738233131557,0.02330074205719938,0.08581394082612286,0.009642354507829218,24,True,True,True,True,True,0.046486261210093895,0.02105303883738816,3.999912233519269e-05,3.193311012528948e-05,161.24524518631196,74.12015430591033,13.280375685411249,6.0145139187781895,0.1787014828508205,0.08093163788229676
34,sobol,True,0.528930441942066,1.190226311981678,0.18651544562893815,44.38139497219836,237.9502395769014,-193.6596086154991,467319.7634610547,568.8273624729169,0.010156793854428853,528.4246830432927,0.04186424354989576,0.04707339615420356,0.045823405317246386,0.02246075407409975,27,True,True,True,True,True,0.022391388708880793,0.05038624720722437,3.235756072169393e-05,4.123598230560152e-05,78.70486058004357,174.60519735646784,6.396858909088675,14.39453883515687,0.0860764935962901,0.19369372491638204
35,sobol,True,1.4545105835422873,0.8512365996837616,0.20195732116070275,57.02011876224747,282.33746830537063,-225.30939287008374,488525.94864921627,589.421512068656,0.010189190194498767,530.110158398859,0.04059428086061516,0.020538348128275322,0.0584128721503263,0.01601441692474217,22,True,True,True,True,True,0.06157428136995683,0.03603568271994591,4.4784208277087556e-05,3.668477653713337e-05,212.9313865792377,125.44531439641541,17.590779896376908,10.294813825493222,0.23670252457075824,0.1385275943894954
36,sobol,True,1.37611067853868,1.043250050023198,0.19826206490204606,57.55536382308127,290.29942693029676,-232.7357826388268,482297.596234958,587.4043482160248,0.010160134996394966,528.598511705147,0.04067521325307698,0.022395964940391748,0.05106246830977977,0.019525780047738323,22,True,True,True,True,True,0.058255352058137456,0.04416425211764872,4.373162736694421e-05,3.926270940974016e-05,201.56192604921011,153.29087549458492,16.64261527769353,12.617015107686044,0.22394396808417222,0.16977526557260797
37,sobol,True,0.8020573020912707,0.707770973816514,0.2035946817664487,49.714552471720545,244.18394449394322,-194.47772933205368,490540.28921235946,578.1946202047675,0.010292907678907772,535.506239052891,0.04120908492791169,0.032401762006365055,0.06646244501774333,0.013518393637103887,32,True,True,True,True,True,0.03395375912186379,0.029962304558232428,3.602450545877259e-05,3.475863671537358e-05,118.31339143239424,104.64010078501725,9.700041804446066,8.559747559298991,0.1305243085911829,0.11518044503483135
38,sobol,True,0.9772074157372117,1.2049725607037545,0.19392499727329734,54.150075937763326,279.23205723422,-225.03011679663734,475798.84054514405,579.2370862973136,0.010161973346131442,528.6941550145164,0.04106625961220645,0.030364440149964436,0.046553501176445536,0.022558438503883744,22,True,True,True,True,True,0.04136844726620863,0.051010505069792274,3.837603466055763e-05,4.1433962391168834e-05,143.71345159618838,176.74368072330233,11.81829871699989,14.57287924635934,0.15902769285524396,0.19609348352931916
39,sobol,True,1.9500418188981712,0.34448481202125547,0.1951161732541399,44.40902959282633,227.60301646026707,-183.1922532942837,508430.17011702544,598.2900961667385,0.010229229007788417,532.1932465785789,0.04016743835035727,0.012617973011043313,0.11000274937608395,0.0068460168569211026,22,True,True,True,True,True,0.08255177033335591,0.014583190375566482,5.143710815867994e-05,2.988123184087352e-05,284.7927341346371,51.95677575488671,23.583710433668987,4.166182477100211,0.31734373525672654,0.05606038594998206
40,sobol,True,1.8190556205809116,1.0563632894307375,0.19624405319954322,59.336560833594,302.3610645325385,-243.0262173885927,481023.57254765683,592.2513013681702,0.010086454478350479,524.7651559284965,0.040396357673332974,0.01755658622317264,0.05011941760764009,0.01972019902867593,22,True,True,True,True,True,0.07700668793792526,0.04471937925256789,4.9678514550248215e-05,3.9438765049984624e-05,265.79727219271354,155.1925418021903,21.999569754231228,12.775605984065056,0.29602744909391776,0.17190927333314696
41,sobol,True,0.9165337202139199,0.7929452810436487,0.20307732299759745,52.19799763992149,257.03508825817556,-204.7690789304478,488686.6690729809,580.1510650578983,0.01026993239442197,534.3109103304374,0.04107777286952529,0.02977979056778676,0.06154010528554658,0.015041168981950716,24,True,True,True,True,True,0.03879992748905594,0.033568016897514465,3.7561442172815095e-05,3.5902169348708304e-05,134.914624780885,116.99197702959681,11.084514009259408,9.589841467319944,0.1491538445189708,0.12904144665100972
42,sobol,True,0.7221575295552611,1.494640199840069,0.1828493485367831,48.98810608487572,267.915125084632,-218.9486078909275,464078.76926767343,573.811051896128,0.010075302749190471,524.1849680236103,0.0414541814139458,0.0391186334798568,0.04025475529689316,0.02794795407059689,22,True,True,True,True,True,0.03057133541783939,0.06327310179322959,3.4951787637337355e-05,4.532298020601373e-05,106.72642190526862,218.7509355769283,8.733737861143982,18.076105514222316,0.11752166833136185,0.24323309340622704
43,sobol,True,1.2727734087966383,0.5562320083379746,0.2052345124278402,51.60296665918265,251.43415719286534,-199.77976059403113,500029.835676016,589.3834040578165,0.010244680004619752,532.9971112843433,0.040653964321730095,0.021113807931598453,0.07895929451549955,0.010682849682840407,27,True,True,True,True,True,0.05388074097239102,0.023547155019640924,4.2344242555294216e-05,3.2724105905696675e-05,186.57607868678159,82.66410111141828,15.392859388879167,6.727042718495648,0.20712718248841475,0.09051946552359603
44,sobol,True,1.557619018945843,1.3394197750836612,0.19044608448529624,58.44927744992398,306.9072152777007,-248.45318585356233,473532.7596414405,588.6284246567079,0.010052758556756134,523.0120676071676,0.040568066956131285,0.020916331194114544,0.04334964172470614,0.024917072387091517,22,True,True,True,True,True,0.06593920513537402,0.05670210381187499,4.616852080623587e-05,4.323902288546061e-05,227.88404865937264,196.24105507846474,18.837768273887754,16.198877284873564,0.2534820703786166,0.21797300467224978
45,sobol,False,0.6086013745516539,0.4021873030811548,0.20003929128003348,39.812929230660664,199.02554631093372,-159.21004593442547,504956.5077122455,577.3102398002972,0.010639574974907784,553.5422018415227,0.04135045552958584,0.03504292157728798,0.09957563722870581,0.008033267450239015,23,False,True,True,True,True,0.025764124856020015,0.017025929163768886,3.342720618560503e-05,3.0655933551986214e-05,90.25864401451989,60.3247220497146,7.36039527350702,4.8640335833021044,0.09904189315884883,0.06545070972104501
46,sobol,True,1.1589117306284606,0.9105262801051139,0.20141601637137282,55.535636708778895,275.72602074693873,-220.17108505079952,486172.8492429328,584.612858362247,0.01022031020064389,531.7292302850499,0.0408393806827345,0.025249021463566147,0.05604262577321931,0.017136240048347545,22,True,True,True,True,True,0.04906059659660483,0.038545612524449824,4.081555921274176e-05,3.7480787524355156e-05,170.0639941918293,134.04343299563436,14.01582181902481,11.011860322245793,0.1885976874271729,0.1481762124164261
47,sobol,True,1.7567561278119683,0.6482671469449997,0.20290484242726003,55.40396059666832,273.0539100688553,-217.64390829749775,495112.36959202983,593.7829694055433,0.010158868298382438,528.5326095606932,0.04037359770896894,0.016390399332012886,0.06997859962541504,0.012303191016303434,22,True,True,True,True,True,0.07436934274403999,0.027443309220671654,4.884209444492811e-05,3.3959750642201064e-05,256.7626742037919,96.01092692351644,21.246122734075847,7.8401111858463,0.2858890235748862,0.10549697748122501
48,sobol,True,1.771336134057492,0.9615444660186767,0.19847452439422672,58.861505040909044,296.5695734531319,-237.70875077798306,484128.8929532276,592.2045715581784,0.010115401776618271,526.2711889475132,0.040413848472673236,0.01767496369401155,0.0533941337082571,0.017994618920370454,22,True,True,True,True,True,0.07498656300843383,0.04070538239479065,4.903784259338701e-05,3.816574713700123e-05,258.87704928534856,141.44202934637192,21.422452616893338,11.628871768757437,0.288261728404691,0.15647875317577253
49,sobol,True,1.243804127909243,0.6249711290001869,0.20527910087760665,52.956789623012945,257.9745789835046,-204.97355574700953,497014.801254851,588.2320048225316,0.010248922451493588,533.2178318854272,0.04070045396104229,0.022101514080650937,0.07268031588483266,0.01192939927861102,22,True,True,True,True,True,0.052654374748157956,0.02645711112767458,4.195530698144053e-05,3.364698312328713e-05,182.37498819289175,92.63256624159754,15.042506321935209,7.558370283603265,0.20241281189624882,0.10170585603984393
50,sobol,True,0.6643796698190272,1.2873398546129464,0.1877780916246944,48.28664879009164,257.14740400387336,-208.89179980843608,468563.18990879285,572.8069729037123,0.010140898918490985,527.5977216413637,0.04155521411713996,0.04076354983204348,0.04408865861058004,0.024172383446345938,22,True,True,True,True,True,0.028125406022338817,0.054497387178614735,3.4176074041963715e-05,4.253980864423499e-05,98.34754573506974,188.68848725109913,8.034975249854753,15.569025272528599,0.10811907929652989,0.20949768053618167
51,sobol,True,1.5899598728865385,0.42573939152061935,0.2016047576520584,48.320728627633834,239.6804975755019,-191.37711481926755,505803.21575529367,594.5768996151871,0.010248097072352852,533.1748901149153,0.0403886633615001,0.016186687148807215,0.09518759845107756,0.00830966359766691,22,True,True,True,True,True,0.06730830128553013,0.018022967574372887,4.660272242260446e-05,3.097213902040161e-05,232.57408064817682,63.740217768745,19.228896980525388,5.14887138958994,0.25874512027399343,0.06928350327759526
52,sobol,True,1.328551790677011,1.4332865595817565,0.18836595512996332,56.948113903011645,302.32699886622413,-245.36428195946908,470963.1136517584,585.1880275878816,0.010056133786882582,523.1876697642389,0.040737817430725964,0.0242000298741726,0.04171322080621018,0.0266670993600049,22,True,True,True,True,True,0.0562420258053268,0.06067579768896103,4.3093111574501126e-05,4.449925892088296e-05,194.66499296784508,209.8535039887357,16.067440412720284,17.3340975880943,0.21620438272122572,0.23324859298039946
53,sobol,True,0.7544982968829572,0.5705275431275367,0.20422244000052722,46.89743135721992,229.63897286262397,-182.76201069531666,495741.31849006,578.368386283716,0.010410698582172806,541.6345135473141,0.04122247349535221,0.032521978434398906,0.07742281904464193,0.0110356085531874,23,True,True,True,True,True,0.03194042790137852,0.02415233265906572,3.5385988090857725e-05,3.291603479922137e-05,111.41644133355909,84.73722248239551,9.124865520288237,6.899932217430581,0.1227847041316088,0.09284587635419835
54,sobol,True,0.9311136342585087,1.1168749216943978,0.19595864573510827,53.57279758378937,273.38828242468907,-219.75756781604582,478009.74937924265,578.7467002869026,0.010190666141615021,530.186947088112,0.04111511993429652,0.03117877112080387,0.04887396644802228,0.02095769821240383,22,True,True,True,True,True,0.03941714385027687,0.04728103835172951,3.7757189083403304e-05,4.025118170992079e-05,137.0289864915723,163.9678663972593,11.260842777003301,13.507430706665708,0.15152653434428243,0.18175674799903985
55,sobol,True,1.903948110062629,0.7791255433112383,0.2008085563139167,57.69734217481308,287.3251181818016,-229.63159901436984,489621.09085078904,594.1397163776659,0.010121922051016946,526.610417446374,0.04032209637729628,0.015839706597623106,0.06129893586201704,0.014666231637424093,22,True,True,True,True,True,0.08060046999265129,0.03298298133350909,5.081826355681767e-05,3.5716628408069994e-05,278.10827956464533,114.9878551792356,23.02625537221523,9.422706234735768,0.3098425885674868,0.12679246555236362
56,sobol,True,1.9647591346874833,1.2659242182970047,0.19060674037870695,59.80213109436758,313.74615071612754,-253.94734510119335,474385.16101206385,592.7738932892628,0.010008730355282993,520.7214246403158,0.04033292759377814,0.016856911310295777,0.044425646577221,0.02353677487953608,22,True,True,True,True,True,0.0831748033684368,0.05359079190790653,5.163469979667579e-05,4.225228674017534e-05,286.92702168213907,185.58281726580614,23.76170093139694,15.310025613786252,0.31973878541425194,0.20601256654757985
57,sobol,True,1.0622371616773307,0.3299320802092552,0.1989693706087878,41.30635302721269,207.60156651663212,-166.28936496611738,514397.4983725864,590.0886443091111,0.01053691820502222,548.2013066863677,0.040684481500269924,0.02125023864814702,0.11629425425729042,0.006650140674460946,23,True,True,True,True,True,0.044968039844340335,0.01396712472885847,3.95176264439506e-05,2.9685849873318298e-05,156.04436373568618,49.846355979084684,12.846644307882281,3.9901824499484957,0.17286516901758306,0.05369211967658543
58,sobol,True,0.8576066847890615,0.982335290685296,0.1987455723358992,52.3159290004773,263.2306641380585,-210.8389662667953,481416.53725434653,577.9167070460702,0.010231335448255644,532.3028377696769,0.04119568183677331,0.03256033443128289,0.053125517276176586,0.018516438122546924,22,True,True,True,True,True,0.036305349656070275,0.04158552730567753,3.677029998231508e-05,3.844488044907876e-05,126.36909652567044,144.45708989297557,10.371853323367226,11.880314985955607,0.13956424220987979,0.1598621872615608
59,sobol,True,1.408222681377083,0.7213346589356661,0.20401385043877063,55.41851593801577,271.64094897884485,-216.2084535957393,493230.7174961303,589.6836303201858,0.010215121911354411,531.459300604225,0.04060259870496999,0.020415601890983397,0.06552120298953198,0.01365744230192421,22,True,True,True,True,True,0.05961476017829652,0.030536500561609864,4.416275647574372e-05,3.4940739946582326e-05,206.21877032465355,106.60709019140525,17.030976270286992,8.723786104095065,0.22916977546356032,0.11738775692827057
60,sobol,True,1.510060058441013,1.1388793855905532,0.1956433534474916,58.3939010238551,298.4711721347965,-240.07262952596912,479334.5873739458,588.7597309033841,0.01011596287190614,526.3003808956713,0.040588188109178344,0.02097460600494206,0.04810868174077167,0.021255961967617337,22,True,True,True,True,True,0.06392587580733622,0.04821256065666676,4.553000403850073e-05,4.054660909129282e-05,220.98710504338328,167.15892745454303,18.26259253037167,13.773551617379447,0.2457424731939482,0.18533768595506445
61,sobol,True,0.561042352579534,0.8743486627936363,0.19618122821081063,45.41847709176518,231.51285933922185,-186.0162884549806,478666.2425493167,571.2414179807895,0.010288323153511343,535.2677212278536,0.041724067263170926,0.043416634969383305,0.05657616558888126,0.016654053894543296,30,True,True,True,True,True,0.023750792925866942,0.03701409339159727,3.278868859262277e-05,3.699507431647843e-05,83.36169148461758,128.79699816801102,6.785218786608536,10.5743299869548,0.09130228597118506,0.1422887795936779
62,sobol,True,1.1128178876824677,1.4130834314972163,0.1887580697230109,55.24420512013208,292.67201768485467,-237.38195673214662,470815.20726459724,581.3419028591774,0.010086837077335868,524.7850612992743,0.040930224904081276,0.027970611798830796,0.042120747264798315,0.026337802202530795,22,True,True,True,True,True,0.0471092905785578,0.05982053193338216,4.0196712810340314e-05,4.4228015901570754e-05,163.37952017330025,206.9236704981249,13.458365135645813,17.08976194463136,0.18109651891321593,0.22996079880691828
63,sobol,True,1.7106623910367489,0.4735809791833162,0.20216241245818972,50.54455589460355,250.0195524974601,-199.43811570419416,502864.15644645283,594.9808177075839,0.010163606158895663,528.7791049091159,0.040345024431564014,0.015602105209583153,0.08774440924491325,0.009158562617184859,22,True,True,True,True,True,0.0724180412205557,0.02004826145209372,4.822324946795351e-05,3.161445028190616e-05,250.07821558202156,70.67814763740822,20.688667334721,5.727465212137572,0.27838787233883044,0.07706909432613532
