index,label,feasible,small_60_deg,small_90_deg,large_150_deg,large_210_deg,small_60_flattening_fraction,small_90_flattening_fraction,large_150_flattening_fraction,large_210_flattening_fraction,indicated_thermal_efficiency,indicated_power_w,heat_input_w,heat_out_w,maximum_tube_reynolds,maximum_tube_mach_number,maximum_absolute_mass_flow_kg_s,cold_isothermality_error,hot_isothermality_error,pressure_equalization_error,small_max_abs_dV_dtheta,large_max_abs_dV_dtheta,small_max_abs_d2V_dtheta2,large_max_abs_d2V_dtheta2,convergence_cycles
0,free_harmonic_baseline,True,-0.9848077530122079,-0.9396926207859084,-0.8660254037844387,-0.8660254037844386,0.0,0.0,0.0,0.0,0.17725646974898648,50.22127899931301,283.32550608974407,-233.019029693903,738.9594371401606,0.0387598033606823,0.014203459661634473,0.03771170310239672,0.03799075819438742,0.021383534690348566,0.0004159285583293715,0.0004948359363153347,0.000419032124132926,0.0005064598914315083,24
1,explicit_flattened_neighbours,True,-1.0,-1.0,-1.0,-1.0,1.0,1.0,1.0,1.0,0.16588222498408942,46.59897980274262,280.916052381213,-234.39269863552437,877.0157710104752,0.04155029802907919,0.01685702556878213,0.04490982030722688,0.05473230473526133,0.021311903520951588,0.00040777605976451847,0.0005548578064553547,0.0007224161179582362,0.0016531974771412793,30
2,sobol,True,-0.8807213206030429,-0.8525228003785014,-0.8666265826672316,-0.946395306866616,-6.851286218082481,-1.4454254445041237,0.004487260270041006,0.5998891234041449,0.16365086075836044,43.92824788303324,268.42662286937633,-224.5229027333487,839.0055059683306,0.04037044299138974,0.01612643436293258,0.03559191551241339,0.047033627812238965,0.021920967625052825,0.00044553413185570233,0.0004907262802916296,0.0007081240330818708,0.001068585389241809,22
3,sobol,True,-0.9371452066861093,-0.9620565881207586,-0.6786303167790174,-0.7250063154660165,-3.1372940661377062,0.37083301622937237,-1.3987359715860457,-1.052580804882788,0.15956395484082941,46.73073873186171,292.8652575606894,-246.17634730641856,735.4254946483605,0.038922165682092495,0.014135534134053315,0.04159254021789443,0.0633147982505823,0.02121146519166327,0.00041914785026816054,0.0005471512993491242,0.0007559929866112954,0.0021571705721276178,32
4,sobol,True,-0.9735664365813136,-0.7718017561733722,-0.9356933265179396,-0.8865648469887674,-0.7399377090121964,-2.7839190958128457,0.5200084545984164,0.15330849119546047,0.16040940534141496,45.970527011203835,286.58249130317694,-240.68486630144616,873.6497467074918,0.03882355845763224,0.016792327578602138,0.039149145882262565,0.045321079743427195,0.021440441475766153,0.0004462636527204322,0.0004886736553447214,0.0010666743600036307,0.0010146599033636911,27
5,sobol,True,-0.8099252976477147,-0.8722807983309031,-0.7476046495884656,-0.6894528618268669,-11.511296222673451,-1.117803879616339,-0.8839045426599942,-1.3179553956144892,0.1570125832254615,42.44410778788299,270.32296976437596,-227.90413085129072,755.9476692533951,0.040499473982455805,0.014529988639296127,0.03888901718692563,0.0674106410415663,0.021809459561221257,0.0004458287686039353,0.0005436040299003248,0.001054849747257988,0.0019887530342323294,22
6,sobol,False,-0.7970324729382992,-0.7463505527749658,-0.6286905017867684,-0.6538114580884575,-12.359941240081062,-3.2059437921282754,-1.771491825329372,-1.5839864548241274,0.12574188069325504,36.4067753514474,289.5357946829271,-253.1400478206193,687.6410462636877,0.04251998601860156,0.013217074404096009,0.047320398965564024,0.08031927630471958,0.02195870373810394,0.0004796268319438539,0.0005624940389162419,0.0009904547122262174,0.0027667171631149427,22
7,sobol,True,-0.958958212248981,-0.9261096950992942,-0.8166834155097604,-0.8272191165015101,-1.701495557832793,-0.2252282533849591,-0.36829361437513447,-0.28965407158600587,0.1738451967236011,49.37646386621553,284.0254709177836,-234.74838077972868,714.7099232375868,0.03881014461894612,0.013737362369660755,0.035945533290965344,0.042288998611295224,0.021417639068763986,0.00042145550546910645,0.0005076375682474811,0.0004252309016566515,0.0009496586513641589,33
8,sobol,True,-0.8967660064063967,-0.8057352509349585,-0.7971175971999764,-0.808054946474731,-5.795176097160492,-2.2212434298529287,-0.5143348704226851,-0.43269738403566277,0.16061443574576495,45.56541425847655,283.69438928018656,-238.18123470729378,749.8468831502529,0.03959632986261961,0.014412726087435915,0.03362314597339973,0.048074067441087234,0.021716320167427507,0.00045238000307508695,0.0005132264898268422,0.000779759565067558,0.0011444000675914898,22
9,sobol,True,-0.8385998914577067,-0.9759547254443168,-0.9852036467567086,-0.9583338114991784,-9.623847063043947,0.6012880203213226,0.8895585158585997,0.6889993351143835,0.17205641416783884,44.895616220887234,260.93544049507,-216.1102342848975,897.5031104999089,0.04085216172372371,0.017250810512024137,0.044278163644511495,0.054540129603592696,0.021622369741076765,0.00042212680922057796,0.0005367849562197763,0.0012728108332624478,0.0014879020755609036,26
10,sobol,True,-0.8529388937726617,-0.778501105569303,-0.7728319221176208,-0.8351964178867638,-8.680010227947909,-2.672832368396819,-0.695605617029607,-0.23011068343189345,0.15356072407601823,42.97086450488248,279.82978566583415,-236.88572216540462,768.6366382275074,0.04019562389150327,0.014773881943736534,0.03446273258199897,0.04927429544407105,0.02192572590250308,0.0004655580496161688,0.0005187502174252667,0.0008670030348669651,0.001128911919724223,22
11,sobol,True,-0.9099267914146185,-0.8787064484134316,-0.963908556047827,-0.640270429495722,-4.928893116190177,-1.011255557234141,0.7306097949039316,-1.6850580682137912,0.16935895294167885,44.49775768633124,262.7422814880928,-218.2859994570291,879.2433278440449,0.03992278098682218,0.016899841198489834,0.042800099308880936,0.06606100916544996,0.021407197795655572,0.0004357514336114071,0.0005384339420741424,0.0005980812951715015,0.0013169643340542772,22
12,sobol,True,-0.9457034470327199,-0.8283234468102455,-0.6504146533645689,-0.9889528032578528,-2.573964602531194,-1.846692319032828,-1.609340550450014,0.9175426009541949,0.14595455514760758,47.36985843615764,324.55210725181746,-277.0942164248483,571.1412633932838,0.037907910911260126,0.010977844639343572,0.038800941901500616,0.05638841320237043,0.021230443560676094,0.00043915542801626993,0.0005320410291822073,0.000719205009249251,0.0012510316436887229,26
13,sobol,True,-0.7827874508313835,-0.938130942210555,-0.841398151461035,-0.7711297682113946,-13.297592011449014,-0.025895314896862257,-0.18382031384352251,-0.7083106667502814,0.16797478481633074,46.39810536746583,276.2206566789121,-229.89110936404117,806.242183225892,0.0392381095642578,0.015496694069264641,0.03893364777085931,0.05340677707786673,0.021647167966793678,0.00044012663651210246,0.0005189320178150273,0.0012823464936099766,0.001105969807121793,23
14,sobol,False,-0.8231767219118774,-0.8121611638739705,-0.91248469164595,-0.7593306056410074,-10.639047089624794,-2.114690748858451,0.3467768455652567,-0.7963808151491811,0.16139703812913053,38.952172933994305,241.34379035400548,-202.400824259884,951.7702132060823,0.04119172181202236,0.01829387264169109,0.03819313186257573,0.04975498330245008,0.022160501238571072,0.0004640476147380065,0.0005170058042057437,0.0009460040817589344,0.0008024383915179043,22
15,sobol,True,-0.9878148053772747,-0.9826538119837642,-0.7214056115411223,-0.9057651939988136,0.19793335162883888,0.7123703891250738,-1.0794568248642253,0.29662183232435196,0.16500330347748782,50.05860037253075,303.3793828216323,-253.2373785777141,710.6505228503707,0.03797396550846712,0.013659337072530257,0.03693220000733024,0.045360474684905665,0.02115024311237289,0.00041113076456345514,0.0005266900352207826,0.000665465222606074,0.001023577242736485,22
16,sobol,True,-0.9228296869248152,-0.7224246356636286,-0.8923965244553983,-0.6996623662114143,-4.079585207981148,-3.60267662023543,0.1968367243931022,-1.241750617448033,0.15157401356138364,44.15193763315309,291.2896254163823,-247.20527176353343,840.2958008942561,0.03901615972622211,0.01615123498257541,0.03761939664814774,0.0637554230756935,0.021386176802580818,0.00046513368473461396,0.0005331606757491477,0.0011625780789384157,0.0011990299286987107,25
17,sobol,True,-0.867537047304213,-0.901910612732172,-0.7014098553918302,-0.8707912544161082,-7.7191152699287455,-0.6264906309327433,-1.2287071806340568,0.03557279339735008,0.1592022637860604,45.15766486339196,283.649640334737,-238.55989128572406,723.3130545165768,0.03935475091658399,0.013902722228326045,0.037926144828687655,0.04683860307320689,0.02161621518176667,0.00043532366756456265,0.0005345403433458122,0.0008146666244342061,0.0013014352122950545,23
18,sobol,True,-0.8728893033787608,-0.7352713533118367,-0.9667078139632941,-0.7888217381946743,-7.366813462378573,-3.389655961476538,0.7515037404319567,-0.5762560050231148,0.15399081018270566,40.47687016878437,262.85250477453644,-222.39872795428386,987.714990881362,0.04007803470813644,0.018984763337577037,0.0406727645450538,0.05204376026236637,0.021720216467860463,0.00047092724004779815,0.0005032754469378022,0.0010745980820381187,0.001112912774265185,22
19,sobol,True,-0.9312272210419178,-0.9054617248103023,-0.7755360510200262,-0.9716408043168485,-3.5268339182048174,-0.5676070892433618,-0.6754217241216217,0.7883240816973814,0.1633885368142094,48.31353125708182,295.69719026261663,-247.40233618650413,695.2917830723329,0.038856266004108256,0.01336412839134046,0.03352548381489406,0.05152904555326164,0.021465306230659034,0.0004283335372566114,0.0005055805477645437,0.0005282174138433759,0.0011312592197162575,32
20,sobol,True,-0.9932079888321459,-0.8200915572792291,-0.850233843550086,-0.6582933323644102,0.5529291240912614,-1.9831911959247108,-0.11786981025077707,-1.5505332898021444,0.15940289837898372,48.279260360153344,302.87567447718794,-254.50784902258715,710.59322478542,0.0393707577078697,0.013658235752602107,0.036086587296915835,0.06869164512151393,0.021074990015503055,0.00043296631861040896,0.0005466160516526234,0.0009835330775217832,0.0016190336372837251,25
21,sobol,True,-0.8315337482653559,-0.9998883558809757,-0.658968944773078,-0.8167877428047359,-10.08896214431066,0.9981487486195019,-1.5454904501314024,-0.3675149048442042,0.15309950181601964,45.63866912676828,298.0980903622565,-252.54437476170284,833.8585816967093,0.038138855839109795,0.016027505886484154,0.04156951700886561,0.05495338328520601,0.021298978038170827,0.0004197922326978442,0.0005485859975675532,0.0014471862791620505,0.0017875436465439006,33
22,sobol,True,-0.7894154596887529,-0.8389805271849036,-0.730478087104857,-0.8999878554418683,-12.861316267466213,-1.6699796096838548,-1.0117389453556553,0.253499190270259,0.1506399524877219,41.56135685803786,275.89863227967606,-234.35585059838152,764.1736077377457,0.040469076179842974,0.01468809851592715,0.0360487803205176,0.052176005997214454,0.022031908200617407,0.00045655962100490526,0.000525073639197209,0.0011277618776293675,0.0010085868415501296,22
23,sobol,True,-0.9528252283670008,-0.9394966915622354,-0.9216472226753831,-0.6701035487279297,-2.1051872491875003,-0.0032488432796509642,0.4151669082207981,-1.462380634768073,0.17574016732469686,48.13150712437088,273.87880560875584,-225.7698986694192,782.5008739464787,0.03939106169088894,0.015040364923554612,0.041054753237073596,0.06304234845427313,0.021200147960463555,0.00042071322173012517,0.0005371381840092819,0.0005398860142903271,0.0011990041786628489,32
24,sobol,True,-0.9166225568950176,-0.7842461362481117,-0.704458218254149,-0.9360334658250212,-4.488157424769446,-2.577569885535247,-1.2059538904698972,0.5225472889497768,0.14959661162701093,46.77478833081414,312.6727792968845,-265.9184715018877,634.1285265669485,0.03867160788358078,0.012188516033089115,0.03607354979236059,0.051046679808454606,0.021471418631372897,0.00045330458641196426,0.000527286645080322,0.0008894165543337647,0.0010233886083619384,32
25,sobol,True,-0.8599933381006122,-0.8937513550370931,-0.8957197648659349,-0.72941874910146,-8.21566520159209,-0.7617851471496302,0.22164172850887917,-1.0196459518577858,0.17492306736436394,44.74338673173315,255.78894428219056,-211.08598429032133,832.895734365478,0.03978097086453629,0.01600899910175131,0.03884104139085039,0.05528991018206199,0.021692406413339603,0.00043758422246429533,0.0005257141003938575,0.0008423949647651859,0.0010356765974593933,22
26,sobol,True,-0.8470136709697544,-0.7917909118905664,-0.6812438091076911,-0.7070322157628834,-9.070026451859263,-2.4524645378849916,-1.3792285992744422,-1.18674131150759,0.14286642179449247,40.820156087931394,285.72253420505996,-244.92223978501477,689.2321770641263,0.040153661539149364,0.013247657357644686,0.042834763873819785,0.06860909237716148,0.021845321465414087,0.0004639756675491864,0.0005468990909740648,0.0008023114664570681,0.0022348487865479594,22
27,sobol,True,-0.9021020170859992,-0.9713140007480979,-0.8695149525441229,-0.8693709028698504,-5.443943611018689,0.5243368286645885,0.0260463465332609,0.024971145126864224,0.1818454816580762,49.01422677705222,269.5377764140085,-220.43997776784164,779.4523307399476,0.03905501027570264,0.014981769203296556,0.039246954005601624,0.040963753282356845,0.02147089526146662,0.00041993986066271,0.000494127602720454,0.0009684468323298305,0.0005066497650950799,22
28,sobol,True,-0.9673054972663522,-0.7460720028728247,-0.7562538512982429,-0.7429620886780322,-1.1520518169510985,-3.210562628260288,-0.8193460222083937,-0.9185570890499345,0.15013560533972184,47.32673708990707,315.22660452740513,-267.81012298032584,642.0358565799663,0.03815097098178352,0.012340501970647183,0.036128566091227346,0.06161446521940508,0.021207105317753966,0.0004527030521876008,0.0005289704832023733,0.0011372524547433338,0.0016771593099806361,25
29,sobol,True,-0.8024353977292776,-0.9165360757708549,-0.9444325836934149,-0.9280599250085652,-12.004304263186198,-0.38397531640112575,0.5852391581969858,0.4630319700633002,0.17044900885694025,43.38572066444006,254.53782896944958,-211.18229496734614,905.4535916433172,0.04028099026165019,0.01740362585280659,0.040827071238524394,0.053582710956036624,0.021914734916182954,0.00043962560167801835,0.0004953303658725882,0.001116239208995055,0.0011405314927979205,22
30,sobol,True,-0.8170367049425841,-0.7556720523163676,-0.8259423913620412,-0.9874163468927145,-11.043201720222047,-3.0513773085092404,-0.29918367776160426,0.9060743345175772,0.14541744778317706,40.96182382576679,281.6843814150997,-240.7411872336284,849.33086562177,0.0404326820761346,0.016324896987480776,0.03296543653310975,0.05432738630653396,0.022021865322437318,0.0004754467113302515,0.0005252359407802048,0.000940719606262146,0.0013183542845132815,22
31,sobol,True,-0.9802048194780946,-0.8654504384472966,-0.6376680769585072,-0.7786156333982944,-0.3029791141371044,-1.2310629860908329,-1.7044822919899758,-0.6524354083180387,0.150417672802276,47.42982330114704,315.3208158159283,-267.80386939428183,577.1367434764765,0.03898268669545246,0.011093083115549143,0.04319800309671105,0.05849662924362813,0.021165162040363412,0.0004258999294329369,0.0005559631398413741,0.0007085802449951472,0.0020881719352637495,26
32,sobol,True,-0.9442169487290084,-0.8500546152889729,-0.988437785115093,-0.8574217082560063,-2.671810451463613,-1.4863521954538945,0.9136984532029955,-0.06421885768992514,0.17191620305127758,45.13701392894641,262.552412907138,-217.47120126693312,935.3685717166527,0.04045140452402295,0.017978618459159393,0.04332814277219577,0.047043582052863256,0.021490904258621435,0.0004349877257304075,0.0005294829296110025,0.000623422631231447,0.0013698436834766788,22
33,sobol,True,-0.8873997883684933,-0.9502976039797068,-0.8002566065452993,-0.6239714451879264,-6.411689114980024,0.17584884854887436,-0.49090498569832824,-1.8067153433107135,0.16806443490616133,46.42990705062243,276.2625363096395,-229.84963890814583,753.8977983519454,0.04074132192193299,0.014490588291730397,0.03777297523422661,0.07542583323614412,0.021291724415145163,0.0004244541193504069,0.0005583296298915744,0.0009000097430262647,0.0020447362069304924,32
34,sobol,True,-0.8838962618447841,-0.7638255798444151,-0.6455546065792441,-0.7352205373719334,-6.642301908895533,-2.9161778083103926,-1.6456164335100019,-0.976340814657458,0.14056814213700378,42.96247275316384,305.63449228268775,-262.72408327862905,623.4552488405229,0.039763355726116674,0.011983366112774946,0.044060021291791464,0.06735162538729339,0.021573769457939797,0.00046320499559488875,0.0005556612622739091,0.0009558166634374798,0.0022703512601150696,22
35,sobol,True,-0.9407370043359697,-0.8736346596851945,-0.834383930824697,-0.9298741283640265,-2.900870997664252,-1.0953545314281983,-0.236175169424146,0.47657336825898755,0.16738496226009775,48.13218241377528,287.55380270650113,-239.49601789116912,746.4724268624246,0.03928724655899782,0.014347866026984414,0.034697694218170046,0.04612414599573909,0.021590237073326843,0.0004311417163126764,0.0004979034532654968,0.0005172593146191494,0.0008965026733737507,30
36,sobol,True,-0.9836033959314228,-0.858243134021759,-0.7680646487697959,-0.6762727954611183,-0.0792744537231998,-1.350572480939741,-0.73118902972491,-1.4163327502626963,0.15963142194215418,48.51653779700927,303.9284948209649,-255.32366586454302,635.8198501526482,0.03944700597418469,0.012221024781359826,0.0368610948019922,0.06773467384297388,0.021163166397346077,0.0004267601891182993,0.0005464021730484109,0.000761027354483067,0.0019506207938124315,25
37,sobol,True,-0.8204050771892071,-0.9584468507021665,-0.956801561973989,-0.8941826810315251,-10.821485192750522,0.3109773656334899,0.6775624689586232,0.21016877857785982,0.1802879962197901,46.06770127243723,255.52284255395372,-209.53128162444045,871.5957864332627,0.03945102673607772,0.016752848629643158,0.04273118659976824,0.050306191318695195,0.02168097855868694,0.00042873931814073536,0.0005032565766390515,0.0012442048401840827,0.0011864600566612908,28
38,sobol,False,-0.805807776004076,-0.8000480299070477,-0.8853787633776664,-0.8110864062421024,-11.782324046730507,-2.315547329342924,0.14445544259815274,-0.41007026028980076,0.15693905950963033,37.95075076338005,241.81839041192455,-203.87550939629384,943.579280963551,0.041501433442165246,0.018136435616259463,0.036049068423454816,0.04968011744250331,0.02229600297426054,0.00046838947471298435,0.0005068272453525569,0.0010173311677055207,0.0006837658641941707,22
39,sobol,True,-0.9707013265416026,-0.9795313502475619,-0.6965518853068351,-0.6643793978355825,-0.9285279841711843,0.6605946068428163,-1.2649675629917598,-1.5051062786889333,0.15988252955399468,47.392458278772686,296.4204932895283,-249.0145921278013,730.1038894624614,0.039795956010157243,0.014033248134586847,0.04129471043202456,0.07082480749498067,0.02106834943015351,0.00041344810734018493,0.0005517418510785861,0.0007203441206608901,0.0023722355756163474,52
40,sobol,True,-0.8986264721117914,-0.7542936164885758,-0.9053741571307182,-0.9655631758831441,-5.67271457406324,-3.0742341437051173,0.29370309340562223,0.7429600454891613,0.15079201245979507,42.99906658596901,285.15480286088524,-242.18911329248766,892.9196164195813,0.03982073188265336,0.01716271166652969,0.0364346521056933,0.05235893634069813,0.021773704261569923,0.0004626280995761894,0.0005126908180226232,0.001008162969268209,0.0012681009386948728,22
41,sobol,True,-0.8435078431107104,-0.9247889463603497,-0.7166404148936272,-0.7945211608521641,-9.300790726680573,-0.24712853749871297,-1.1150247368572423,-0.5337149351599925,0.1627968072660779,45.55106611359071,279.80319072929524,-234.33053723109202,758.1201320311769,0.039200846045876585,0.014571745312098146,0.038300472220999165,0.05376808503599985,0.021568805195115073,0.0004311999720022551,0.0005348598962560666,0.0009394609108584439,0.0016153250880128246,30
42,sobol,True,-0.8565175521746278,-0.8296687788888812,-0.9315746426396072,-0.6296778439730406,-8.44445202481695,-1.8243844008946544,0.48926617960991386,-1.7641222029221222,0.16248657162122757,41.1093325140668,253.00141484858676,-211.90699064388264,912.942047622948,0.04102368639900611,0.01754756065773478,0.04037344464481542,0.068924591081377,0.021797233052893602,0.00045502384402054175,0.00054543043188418,0.0008007360770168208,0.0013891425424117467,22
43,sobol,True,-0.9131165503710509,-0.9301462053135038,-0.7398475980572403,-0.8513508747518063,-4.718933459860502,-0.158295976326791,-0.9418039635229197,-0.10953217585385683,0.16682713572614333,47.54310434155654,284.98423913242374,-237.46358984354723,721.7791247433605,0.038957974032453234,0.013873238729553802,0.03530888395402569,0.04507413438816878,0.021466460243180583,0.0004264884695919001,0.0005263340788419324,0.0006554470768466105,0.0012109301786199004,32
44,sobol,True,-0.9561978344805538,-0.7748999308049679,-0.8626006722263992,-0.7846881996095181,-1.8831920356905667,-2.732546035468155,-0.0255625443537756,-0.6071091570528133,0.16012294408126795,47.25003517060736,295.0859756027614,-247.86244427934747,777.2047723385635,0.038559447204089235,0.0149385691256106,0.036019346938741106,0.04904214046437431,0.02137757334455577,0.0004485020236725187,0.0005145341837234917,0.0009575259748485756,0.0009308449402669319,32
45,sobol,True,-0.792811480741948,-0.8844353092461824,-0.670780491810292,-0.9817016922682523,-12.637779811277477,-0.9162611982119504,-1.457327862813658,0.8634195717051746,0.1471993085976136,43.95761875928754,298.6265300977112,-254.72604489272126,727.5468709146294,0.03908369663889475,0.013984099956794109,0.03841251182715769,0.05571522191232036,0.02162559417646696,0.0004473886360900964,0.0005284838214357182,0.0011399898684598454,0.001158305771322046,22
46,sobol,True,-0.8349320837669074,-0.7259926998987793,-0.7893582906015217,-0.9222617267258465,-9.865273344077071,-3.54351198264632,-0.5722511233365598,0.4197536288963709,0.1458497587275519,42.00921228273217,288.0307286706288,-246.04946727131465,803.2615791842215,0.04014726853677125,0.01543940420036871,0.032334208773233286,0.051739087040088394,0.021943298417050876,0.0004788700888862672,0.0005089444815611314,0.0010891258931091754,0.0007749655454943083,22
47,sobol,True,-0.9965761824138463,-0.8962148624286055,-0.9810886873491108,-0.7491381303407252,0.7746338912930404,-0.7209359604727081,0.8588440406981229,-0.8724584865002694,0.1712330588717056,48.043072712436384,280.57124616591767,-232.6359336683874,853.2500153107582,0.0395096356572964,0.01640022654106342,0.04408013168542822,0.048129582383371484,0.02106778290218454,0.0004180842389563794,0.0005111176526338766,0.0006809996230526821,0.0011647634056579838,33
48,sobol,True,-0.9277239223569631,-0.8108489423245191,-0.6208384217508137,-0.8631980661489069,-3.757431715079092,-2.136449637514399,-1.8301005486079327,-0.021103535411911678,0.14487294243315033,45.68839375362953,315.36871541566035,-269.6955728053573,580.4545325853019,0.03940151964673628,0.011156853982263272,0.04322169365540182,0.055436614739547446,0.0213778910967055,0.00044586133319267417,0.0005547241269311706,0.0007813055208201346,0.0017353090457630379,32
49,sobol,True,-0.8694095507636667,-0.9906054383516312,-0.8126612295396626,-0.7128206859715283,-7.595861385170399,0.8442220210727767,-0.3983156191709263,-1.1435355816740675,0.1729086128500597,48.21616519465001,278.85346137419646,-230.55727009592906,797.6625277116295,0.039100690598498064,0.015331785435741863,0.04043630862371486,0.06248988765142205,0.021280581503225773,0.00041787583655292514,0.000535110287387041,0.0012292597226598145,0.001542126084498697,22
50,sobol,True,-0.8640067161247135,-0.8215052330866456,-0.7602768498286605,-0.9640496099367738,-7.95149242798419,-1.959750021298337,-0.7893179523798064,0.7316626354642412,0.15363741258886537,44.17161090558868,287.50556365975893,-243.36574669521352,740.29034864547,0.03988346535253,0.014229040968170086,0.032787728457714285,0.051260278122405044,0.021830011669638768,0.00045523497822587454,0.0005103146890476357,0.0007536729830052053,0.0010532084215859284,22
51,sobol,True,-0.9193765471875668,-0.9919719940051437,-0.9522852950915695,-0.8019835014268756,-4.306881390041851,0.8668818625601878,0.643852594027162,-0.4780152668235803,0.18508182889837088,48.912871329087636,264.2770045024024,-215.2951330272048,814.1818759301157,0.0385319939264317,0.01564930204662081,0.04338655337440559,0.04358320663017404,0.021235967784663544,0.000415564846114454,0.0005023740732751148,0.0010219989470823278,0.0010226252953426278,22
52,sobol,True,-0.991240291390568,-0.7317385201901196,-0.6853595810756088,-0.8332880814000965,0.4234092812951929,-3.4482364066518367,-1.348508059081169,-0.24435470088425335,0.1441623197744764,47.70811771299245,330.93333811238415,-283.1392653406797,553.4036413163147,0.03746239089030194,0.0106369117179933,0.03844017658263554,0.0533328172866848,0.02107411707980183,0.00045177853615397767,0.0005410117132873389,0.0013439579280462213,0.0015728099678986595,22
53,sobol,True,-0.8265181845985353,-0.9112589627504348,-0.8772748905047775,-0.6481032133474947,-10.419101831405719,-0.4714789202583971,0.08396731199875132,-1.62659337361475,0.17222866358137912,45.125394946367166,262.00862276937505,-216.9400896547359,796.0665378090957,0.04051191907548186,0.015301109085915754,0.03872784505379804,0.06990728534362585,0.02157370955703251,0.0004353712738725997,0.0005469241906465587,0.0010058039667168429,0.0015294225616816544,22
54,sobol,False,-0.7861329195462168,-0.7877458567544817,-0.9962869787216186,-0.6836654221825302,-13.077383064245772,-2.5195385044343372,0.9722856318789929,-1.361153433211295,0.15119521567357483,35.25869475075651,233.19980459486757,-197.94795740867133,1059.9629137531047,0.04122593174440554,0.020373432872831974,0.04295345735577421,0.06104323533293107,0.02208697675789391,0.00047251987540135863,0.0005229826961727048,0.001099583304631126,0.0011861795367745925,22
55,sobol,True,-0.9491261858679354,-0.8879872297123075,-0.8042817044258117,-0.892738736923784,-2.34866950049883,-0.8573642520602078,-0.46086124610730794,0.19939103303110106,0.1686629977209658,48.78250102052977,289.23060588093546,-240.46566882880188,710.6589893774819,0.03906387053526339,0.01365949980673494,0.03383874072277118,0.04211174881075195,0.02151930753091579,0.00042758741533308953,0.0005079832328833229,0.0004621667319967226,0.000680301703003084,32
56,sobol,True,-0.9064780510962009,-0.8375999639928341,-0.8336988115310668,-0.7188285184465348,-5.155899715094793,-1.6928717202358399,-0.24128896945029268,-1.098692509593894,0.16482017563214585,45.673185998767934,277.10919384471293,-231.48564123190445,769.3137723662591,0.03958030500710935,0.014786897066004265,0.035053121787610136,0.05885345373857759,0.021624474105659593,0.00044413691692758435,0.0005325701315290141,0.0006462590933559466,0.0014051411658943405,22
57,sobol,True,-0.8494062612578273,-0.9473799408227205,-0.6417859482765198,-0.952191727142781,-8.912538866909163,0.12746897870527613,-1.673746082034269,0.6431541933494853,0.1515649629945343,45.52906582705555,300.3930785025653,-254.94693592827574,751.5814444815782,0.038354951851895386,0.014446065903753108,0.04050669676548911,0.05286335132094839,0.02134652289048001,0.000426432444533293,0.0005398047944122268,0.0010485481824624922,0.0013174551696963686,32
58,sobol,True,-0.8351509069092572,-0.7381641702726482,-0.8549982276372612,-0.8765982747823,-9.850869737913637,-3.341688084269637,-0.08230796329055629,0.07891698349178049,0.15047322950871903,40.54563034237075,269.4541113708294,-228.9266987311411,891.108804188937,0.04063645698505371,0.01712790623989858,0.03383588034975936,0.04926812706778327,0.022065822885692334,0.0004763840682709535,0.0004969518898079532,0.0010345670057791902,0.0005086081805496925,22
59,sobol,True,-0.893233198504895,-0.9179583121463657,-0.66607884792611,-0.6934949880838395,-6.027716280606727,-0.36039219284236845,-1.4924214105233828,-1.2877845544912296,0.15392321114712,44.04554794451429,286.1527356157838,-242.16824031168758,719.4940666250952,0.03986091538990343,0.013829317873853147,0.04338721914603665,0.0686785107133124,0.021424023710707892,0.0004303431867652325,0.0005513524404060907,0.0007121050182624621,0.002379144977822727,22
60,sobol,True,-0.9623039120808243,-0.7975795871764422,-0.9715649714879692,-0.9119234102964401,-1.481271397803551,-2.3564783524245696,0.7877580577568625,0.34258738453783333,0.16237186152990224,44.83285009617998,276.11218885929696,-231.32730491063603,925.7631591515069,0.03981389595335491,0.01779399385996569,0.04091877711154516,0.04883729007683467,0.021501189535567348,0.00044273090137214794,0.0005190644920875177,0.0008858786476023964,0.0013220696201062592,22
61,sobol,True,-0.8004554002732038,-0.9677726404368877,-0.7825531807355582,-0.7535276735574007,-12.134633730424643,0.4656149880314818,-0.6230451548782879,-0.8396944898869647,0.16392196985240617,46.76046379679172,285.2605043661591,-238.51329945855122,815.8890851975196,0.03874560067478366,0.01568211613186666,0.039341506318190396,0.058381273543755705,0.021489022395986334,0.00043140798067547726,0.0005254899138993008,0.0013876270492726443,0.0014915965216220535,32
62,sobol,True,-0.8133505394309759,-0.8442990505322814,-0.7115658436901867,-0.7654321235604584,-11.285836368972179,-1.5817893514320907,-1.152901851972974,-0.7508384653918149,0.15065532043119398,40.84838197898956,271.1379980612466,-230.30702163227278,747.0711581590663,0.040493973775940266,0.01435937417667788,0.0400126678400626,0.05781906172345207,0.021974472590636448,0.0004530599419527941,0.0005371734974029039,0.0010202242401010334,0.001788065543104576,22
63,sobol,True,-0.9769077238813043,-0.9538058537617325,-0.9004878507740796,-0.9950321870483458,-0.5200039952781019,0.2340216596997534,0.25723120623697765,0.962919739323856,0.16992045527419544,49.47166532207957,291.1460261935425,-241.71972237863244,760.6509487172856,0.03863615352463753,0.01462038986673196,0.03903141397235362,0.05410616928628614,0.02135431431274947,0.0004157314664615191,0.0005402085584110881,0.00052713956227668,0.0014781563704725743,32
64,sobol,True,-0.9336151066236198,-0.7635467743873596,-0.7374929391033948,-0.6341833108104765,-3.369656011367151,-2.9208008819821196,-0.959379377223417,-1.7304929406238672,0.14689568829331953,45.18502657993313,307.59940679612197,-262.42404657354683,640.684609616127,0.040268624658339865,0.012314529798455874,0.039575056019431475,0.07844277535674164,0.0213068409613717,0.00045469877108241343,0.0005585773937733734,0.0009913579673261536,0.002315303162296862,32
65,sobol,True,-0.8772683693654836,-0.8640613126009702,-0.9265080820210279,-0.8408967238850892,-7.078569992519136,-1.2540970801673643,0.4514488563135824,-0.18756302022301352,0.17360849640139603,43.01418058963154,247.7654117237413,-204.77226888317296,907.5998922527684,0.040385221016899626,0.017444879665392113,0.03932554930612151,0.04781609121870322,0.021910680533978925,0.000443421057354313,0.0004968546044732728,0.0007365614748445532,0.0008795876778937839,22
