index,label,feasible,small_min_deg,small_max_deg,large_max_deg,h_s_low_before,h_s_low_after,h_s_high_before,h_s_high_after,sector_smin_to_lmin_deg,sector_lmin_to_smax_deg,sector_smax_to_lmax_deg,sector_lmax_to_next_smin_deg,indicated_thermal_efficiency,indicated_power_w,heat_input_w,heat_out_w,maximum_tube_reynolds,maximum_tube_mach_number,maximum_absolute_mass_flow_kg_s,cold_isothermality_error,hot_isothermality_error,pressure_equalization_error,small_max_abs_dV_dtheta,large_max_abs_dV_dtheta,small_max_abs_d2V_dtheta2,large_max_abs_d2V_dtheta2,convergence_cycles
0,exact_harmonic,True,70.0,250.0,360.0,0.0,0.0,0.0,0.0,110.0,70.0,110.0,70.0,0.17727195180414687,50.22404962737952,283.3163910942207,-233.00708971942035,738.9251802861045,0.03876894338411841,0.014202801214336466,0.037718621108444136,0.03796313615319196,0.021389102294025592,0.0004158414875149028,0.0004950495049504951,0.0004158414875149029,0.0004950495049504951,24
1,f3_champion_symmetric,True,74.16413925588131,240.73545688018203,362.60264293663204,-0.27155234664678574,-0.27155234664678574,-1.1948004784062505,-1.1948004784062505,105.83586074411869,60.73545688018203,121.86718605645001,71.56149631924927,0.19429013228592631,55.425214147718776,285.2703505608431,-229.8263481682844,586.0223704246102,0.04366108433000253,0.011263872793010443,0.034018829500760024,0.046140705225059385,0.019673120359198205,0.00047994869189053077,0.0005364987998150071,0.0010657799048893557,0.0011186494919476484,22
2,f3_low_split_A,True,74.16413925588131,240.73545688018203,362.60264293663204,0.22844765335321426,-0.7715523466467857,-1.1948004784062505,-1.1948004784062505,105.83586074411869,60.73545688018203,121.86718605645001,71.56149631924927,0.16755146002018367,55.08081662869032,328.7396995648689,-273.64977809909936,607.9073959589272,0.04746567336254498,0.011684522509013124,0.041195579360320325,0.05413695450403131,0.021276488276626503,0.0004491952393574878,0.0005664605442930793,0.0010657799036960492,0.0011186493527415168,22
3,f3_low_split_B,False,74.16413925588131,240.73545688018203,362.60264293663204,-0.7715523466467857,0.22844765335321426,-1.1948004784062505,-1.1948004784062505,105.83586074411869,60.73545688018203,121.86718605645001,71.56149631924927,0.15666496349308004,35.333237791653616,225.533756902923,-190.21418613925414,617.3127259007342,0.040141956466506624,0.011865301341677905,0.024850233310258835,0.06252080196334203,0.0178729028751841,0.0005216217345240429,0.00058308182704009,0.0010657799060826618,0.0011186496311537805,22
4,f3_high_split_A,True,74.16413925588131,240.73545688018203,362.60264293663204,-0.27155234664678574,-0.27155234664678574,-0.6948004784062505,-1.5,105.83586074411869,60.73545688018203,121.86718605645001,71.56149631924927,0.18001773944772112,56.65019140848748,314.6922718965663,-258.028215602148,654.5458307706004,0.04495637383911551,0.01258095483565479,0.040963010543831134,0.049547218394763566,0.019337375817005002,0.00045334569251667835,0.0005716942657945719,0.0009002624932387135,0.0012025928414463108,22
5,f3_high_split_B,True,74.16413925588131,240.73545688018203,362.60264293663204,-0.27155234664678574,-0.27155234664678574,-1.5,-0.6948004784062505,105.83586074411869,60.73545688018203,121.86718605645001,71.56149631924927,0.19545267788471912,50.56991354538168,258.7322624211297,-208.10983592649347,551.7248765681783,0.04077183785532416,0.010604644361785211,0.029090105113353828,0.05231165862449093,0.01981564932804899,0.0005264411315136985,0.0005884694448736503,0.0012139826773225346,0.001274204015588441,22
6,sobol,False,80.3869914766401,237.23694945964962,356.4536996912211,-0.44090033508837223,-0.10266635846346617,-1.7182468166574836,-0.8136174229905009,99.6130085233599,57.23694945964962,119.2167502315715,83.93329178541899,0.16638475401841127,35.961017062347295,216.13168390637543,-180.1905817562678,565.1039509857972,0.041332923076240646,0.01086180210854339,0.023359201829408413,0.06982551643273924,0.019823187172175464,0.0006075056084692107,0.0006180309073223373,0.0014886507753761684,0.001294168918158727,22
7,sobol,True,70.0265923384577,246.6630097301677,367.32524725236,-0.042536685895174675,-0.561490457225591,-2.286338174715638,-1.0682534532621502,109.9734076615423,66.66300973016769,120.6622375221923,62.70134508609772,0.1638927742927707,41.18801958826294,251.31077172863345,-210.04323898987013,520.6592834165942,0.046913853503848586,0.010007535945522329,0.027661827146100958,0.0711686154209728,0.020889366469020912,0.000599834700729283,0.0007304721064414044,0.0014191359340023457,0.0017678558594038977,22
8,sobol,True,73.42317886091769,241.09771033376455,360.9870412684977,-0.6925492363981903,-0.4600570032373071,-1.8946993369609118,-0.6586803037673234,106.57682113908231,61.09771033376455,119.88933093473315,72.43613759241998,0.1759183973505386,44.849651784091215,254.94577292403864,-210.01958481454642,542.8668367198751,0.036282398093575446,0.010434384932995129,0.028363301014048346,0.06750909565317648,0.018128384057146094,0.0005736398407937837,0.0006396503266857548,0.0013872096711528125,0.0014488602823677277,22
9,sobol,False,77.00403677485883,248.8991674296558,364.55469643324614,0.2779019806534053,0.14029429918155079,-1.3379745101556182,-0.913806713372469,102.99596322514117,68.89916742965579,115.65552900359035,72.4493403416127,0.15380085665117085,32.142912285508274,208.990463287277,-176.8558002445604,581.2827026977958,0.0511484956281789,0.01117277215069658,0.02275225959797544,0.06572490122624869,0.023401898338893713,0.0005169022379567022,0.0006029073860340706,0.0010660646318486483,0.0012182876620736645,22
10,sobol,False,75.76814153790474,242.66027721762657,369.51316555403173,0.061623192764818646,0.218749291729182,-1.5380631983280182,-0.7463620159775018,104.23185846209526,62.66027721762657,126.85288833640516,66.25497598387301,0.13881615090888233,27.99702576358691,201.68421023259683,-173.69248837416188,569.436472605233,0.04598575343774085,0.010945077039428593,0.022007003546940507,0.07462234653015579,0.020719735119699788,0.0005673000901178887,0.0006611172614782805,0.0012277256829641542,0.0014005961673717229,22
11,sobol,False,72.02044392004609,247.84600092843175,358.6399019677192,-0.6136360728181899,-0.28063078355044124,-2.4694214509800076,-0.9811509512364864,107.97955607995391,67.84600092843175,110.79390103928745,73.3805419523269,0.09038321283686852,17.337468637514515,191.82177855092058,-174.4921897468565,484.15503880058,0.043955087539871165,0.009305891795894056,0.02242418972034508,0.09335989874548357,0.020634216885962852,0.0006462073049241775,0.0007458188422620444,0.0015120403879140488,0.0016918684451971823,22
12,sobol,True,68.85453044250607,240.0178698087111,364.9900779090822,-0.24102382818236945,-0.7988621615804732,-2.0895457537844777,-0.8914987100288272,111.14546955749393,60.01786980871111,124.97220810037106,63.8644525334239,0.17065309627007788,49.31202783290527,288.9606395120039,-239.62034549171983,559.0896805687514,0.04143951218730383,0.01074620246535693,0.031531304156214475,0.05698851228728681,0.019223398702841402,0.0005746123698169378,0.0006690276772205904,0.0014208347198985173,0.0016179413361276024,22
13,sobol,True,78.94768683612347,243.57899015117437,361.42754255235195,-0.3797790138050914,-0.157417638041079,-1.14608783274889,-1.1266303958371282,101.05231316387653,63.57899015117437,117.84855240117759,77.52014428377151,0.19195225950091763,49.554978759310366,258.1630395399095,-208.55885453930006,620.549366426164,0.043696481121451414,0.011927512460220575,0.03193761289996595,0.050859034028190225,0.020275604312224867,0.0004875004640364057,0.000535048744986908,0.0010668299032376043,0.0010794707122268208,22
14,sobol,True,80.01325392723083,240.49814121611416,365.6330062355846,-0.5644226907752454,-0.6392063015140593,-1.216476293746382,-0.6797698985785245,99.98674607276917,60.49814121611416,125.13486501947045,74.38024769164622,0.18327686351769776,54.681291750028386,298.3534893630925,-243.64405200957515,634.7254891258867,0.03545478785072911,0.012199990186065901,0.039476777976868396,0.05440227459582463,0.01785111719515591,0.0004744672640444354,0.0005198728520833945,0.0011594909509053761,0.0011692997346170343,22
15,sobol,False,69.5389942266047,249.8986590858549,362.5338132698089,0.11539465710520747,-0.040999279357492924,-1.7847364018671215,-1.0474043235182762,110.4610057733953,69.89865908585489,112.635154183954,67.00518095679581,0.17525049132198367,38.59907491910982,220.25087991446844,-181.68784756053194,490.41959133763146,0.051324277542117124,0.009426302084722026,0.022153325744623434,0.06777810932984292,0.023338507976917194,0.0005417977702886337,0.0006555138482840891,0.0011533947443753791,0.0014182291988664006,22
16,sobol,False,72.92190845683217,237.86207507085055,368.43449210748076,-0.26610506922006605,0.06043627066537738,-2.1650845701806247,-0.8253368904814125,107.07809154316783,57.86207507085055,130.5724170366302,64.4874163493514,0.1263414256918099,24.200900547748457,191.55158662514037,-167.3557456931494,567.7899957120075,0.04228723274275613,0.010913430284598253,0.02054883010750812,0.0930505465151389,0.018691682709382304,0.0006598771969065517,0.000755232416903306,0.001567490902125206,0.0017247215731768014,22
17,sobol,True,76.61662776768208,245.63798957224935,357.9694831818342,-0.11420014118775723,-0.39624354373663667,-1.608162293676287,-1.1924717808142304,103.38337223231792,65.63798957224935,112.33149360958487,78.64714458584785,0.18946921271873615,49.070108794295706,258.98724172744335,-209.88946770242265,564.179942141504,0.04836762471179301,0.010844041834180154,0.030699619061530143,0.053435486955778336,0.022454036681850573,0.00052741893680136,0.0005830067514989341,0.0012300488635735606,0.0012625245194618192,22
18,sobol,True,78.01491803489625,239.39914769213647,360.34586863033473,-0.053347378689795666,-0.34363864455372095,-1.0333486213348806,-0.767276949249208,101.98508196510375,59.39914769213647,120.94672093819827,77.66904940456152,0.19362557999486066,54.49217446111637,281.43065840041766,-226.91388988012287,636.197768831468,0.04301831051587113,0.012228288715535659,0.03585573829479031,0.041618178692997464,0.0208609471272129,0.0004651551653725884,0.000497442000280053,0.0010518664149511085,0.0010104877638929908,22
19,sobol,False,74.16233181394637,244.61031462159008,363.44677689112723,-0.4643236527219415,0.29995015924796475,-1.9649043348617852,-1.1149143615737558,105.83766818605363,64.61031462159008,118.83646226953715,70.71555492281914,0.02646859728939205,4.160871235115675,157.20029246820903,-153.03917789963137,557.4632733531937,0.04579991902513868,0.01071494146763699,0.0197797616659555,0.09872259887915089,0.019939889352832297,0.0006238358039244996,0.0007169799962886436,0.0013749909528914088,0.001525638017005128,22
20,sobol,False,70.98274604417384,243.25356691516936,357.5341288782656,0.19403927009552724,-0.21827911864966154,-2.3569869440980256,-0.612770127877593,109.01725395582616,63.25356691516936,114.28056196309626,73.44861716590822,0.106077800486745,20.469265787444098,192.9646513551329,-172.50004923285394,503.93859712121827,0.049191970559507234,0.00968614943717712,0.01883433740486281,0.09048387874900163,0.023317331804676194,0.0006451888784158535,0.0007251663825962419,0.001524044742614188,0.0016172605570924804,22
21,sobol,True,81.1807918753475,246.84013066999614,367.9940170571208,-0.7804329280741513,-0.7198034782893956,-1.413360261823982,-0.9600556343793869,98.8192081246525,66.84013066999614,121.15388638712466,73.1867748182267,0.1748987917929381,51.750482224505014,295.88816305702204,-244.10690467159546,616.8969018208609,0.035989163798850254,0.01185730883187564,0.03960396004556703,0.06496187051665234,0.01767936036522682,0.0004861862638131501,0.0005574371525594758,0.001184847473215034,0.0013083642986951452,22
22,sobol,False,81.95829221233726,242.75727686751634,362.80301655083895,-0.2030858900398016,0.09868077794089913,-1.9859268828295171,-1.0736325938254594,98.04170778766274,62.75727686751634,120.04573968332261,79.15527566149831,0.0945437228663543,16.26911273620667,172.08030573541578,-155.81316455966578,530.8368595404297,0.04715752513025399,0.010203158038783036,0.016792277534863554,0.09396147313594873,0.0209091585337722,0.0006501491155850303,0.0007023616714539841,0.0015559136354237391,0.0015253170714928732,22
23,sobol,True,71.1007927134633,247.3459241623059,366.23877288773656,-0.3479926544241607,-0.5038189578801393,-1.0549226817674935,-0.803834892064333,108.8992072865367,67.34592416230589,118.89284872543067,64.86201982572675,0.18583169569618221,57.12181875572812,307.3846931317737,-250.24038239863478,567.8682059729638,0.039996962481734975,0.01091493355559093,0.037567899668436974,0.04986328918435575,0.019709246291631184,0.0004173587667170086,0.0005039582063592347,0.0008913207111772305,0.0010916498915924627,22
24,sobol,True,74.92291592806578,238.89254868403077,358.57698513008654,0.02701779799535875,-0.540287350397557,-1.4359141779132187,-0.919267383031547,105.07708407193422,58.89254868403077,119.68443644605577,76.34593079797924,0.1888290654245395,54.56638337977776,288.972374338122,-234.3879536177797,591.4290628123724,0.04522520060786616,0.011367794244409243,0.03452982433906542,0.04401673432710303,0.021378221446497727,0.0005063346618983648,0.0005447902270945864,0.0012206974798031761,0.0011870548021496606,22
25,sobol,False,78.1224570684135,245.10738606750965,368.7020135503262,-0.6468735191971065,-0.07072107642889025,-2.379727581050247,-0.6488339619711041,101.8775429315865,65.10738606750965,123.59462748281658,69.42044351808727,0.05114643774618442,8.379871766729858,163.84077046216194,-155.46405588923096,529.0925380957956,0.03804785896353552,0.010169630624380335,0.019158360809634577,0.10383447213719256,0.017987308120336446,0.0006780905304019937,0.0007869253314613001,0.0016330450783867934,0.0018474295853730038,22
26,sobol,True,76.07799831219018,238.34640141949058,363.1758649647236,-0.7227150885388256,-0.11902703531086445,-1.8028078549541533,-1.0107727183029056,103.92200168780982,58.346401419490576,124.82946354523301,72.90213334746659,0.17804142445736282,40.874700734596935,229.57972201792603,-188.75755133785933,528.7751104664675,0.038116338573206315,0.010163529382144227,0.024338430834828235,0.06905296864511105,0.01754568465553164,0.0005997080978091485,0.0006551682983067132,0.00143415486407022,0.0014378113353554402,22
27,sobol,True,72.60608830861747,245.14413527399302,359.7418105714023,0.2404935463331641,-0.7497293754480779,-1.2350934366695583,-0.7211259188130498,107.39391169138253,65.14413527399302,114.5976752974093,72.86427773721516,0.17783905823314902,55.05696073748034,309.5886881345269,-254.51552107046678,583.3514628596924,0.04607622690197676,0.01121253556670059,0.03805626117398904,0.04013774783370091,0.022906276571673476,0.0004372674020309978,0.0005197573668532363,0.0010115765227884477,0.0011033084163308872,22
28,sobol,True,68.99071152321994,240.99118922371417,367.3916425574571,-0.40711660021916035,-0.3050568088889122,-1.6278137410990894,-1.1564813230186701,111.00928847678006,60.99118922371417,126.40045333374292,61.599068965762854,0.19419472519908454,54.37679671353797,280.01170813363734,-225.61184244122376,518.9017523576373,0.0408746545560951,0.00997375463054708,0.029840494848039675,0.051909122827824804,0.01808605932058927,0.0005270678745339817,0.0006252521747757242,0.0011967561640326778,0.0014146933208351508,22
29,sobol,False,79.67966316826642,249.41511336062104,357.2614800389856,-0.006327568553388119,0.19217484118416905,-2.184916938189417,-0.8660511754453182,100.32033683173358,69.41511336062104,107.84636667836457,82.4181831292808,,-10.869839499454677,126.87643861766097,-137.74579291101196,520.1432361685818,0.05135426207185615,0.009997617057012008,0.015819862935567183,0.1112739790573585,0.023832692140841657,0.0006527882210810507,0.0007218313544998712,0.0014894439182234652,0.0015297888236123754,22
30,sobol,False,78.832883419469,239.49297484569252,366.7211626470089,0.22981985593214627,-0.4303375378251076,-2.4422900825738907,-1.0200527837499975,101.167116580531,59.492974845692515,127.22818780131638,72.1117207724601,0.13202106075771572,29.898451750907775,226.46728922877872,-196.57888143518514,553.979660186477,0.048944763316726966,0.010647983314586414,0.02402345385125161,0.0912730953306865,0.021081013082029112,0.0006938116558680709,0.0007658165774092517,0.0017968071243532537,0.0018388622179782467,22
31,sobol,False,68.08753549866378,244.1070653591305,356.1827609054744,-0.746557404100895,0.04138135137036447,-1.5111113088205457,-0.7121113562956451,111.91246450133622,64.1070653591305,112.07569554634392,71.90477459318936,0.169581795340536,38.392028778826024,226.3923949014177,-188.02081310686012,512.2952136870779,0.038766485963001626,0.009846771063122229,0.02308714988940532,0.06272167642133245,0.019235681643503325,0.0005211630801217598,0.0005941130542946336,0.001091985308104255,0.0011920286965420171,22
32,sobol,True,71.92333100549877,242.13142138626426,364.2820749748498,-0.09004299119114878,0.004910854622721672,-1.1171919228509068,-1.1650381218641996,108.07666899450123,62.131421386264265,122.15065358858556,67.64125603064895,0.19136944534246572,50.883503858056564,265.89147377732036,-214.9664518168764,590.9129512822919,0.04621232243412516,0.011357874120340224,0.030401414503965354,0.0487337751743547,0.020368782822554634,0.0004809423022537379,0.0005545972320978876,0.0009846247677349914,0.0010998198723271245,22
33,sobol,True,75.01071973331273,248.37170218210667,360.384692793712,-0.495404791738838,-0.5997414841316641,-2.0611969754099846,-0.8577415689826011,104.98928026668727,68.37170218210667,112.01299061160535,74.6260269396007,0.1613264774405602,40.577397622349615,251.52348372138803,-210.86680577573998,539.2711480983795,0.04162586500239075,0.010365272589712985,0.029744750295102342,0.07390837467396502,0.02052701857326565,0.000573302669740283,0.0006587375790886864,0.0013723309900002321,0.0015219385035195403,22
34,sobol,False,77.33036648854613,241.61076528485864,359.2456958964467,-0.29837791966274385,-0.6910808402113617,-2.2621092638000846,-1.102578079327941,102.66963351145387,61.610765284858644,117.63493061158806,78.08467059209943,0.15668018080487295,39.682028740703544,253.26769816613194,-213.51984257242853,575.6997197672384,0.044653696482555544,0.011065462237783558,0.029313949300916693,0.07015636161205872,0.02062516158898592,0.0006337169393137672,0.0006856663914637734,0.0016285324746056612,0.0016014517320504197,22
35,sobol,True,73.96505407243967,248.38295673858374,369.78239496424794,-0.14943548757582903,-0.1960018053650856,-1.694203207269311,-0.774642214179039,106.03494592756033,68.38295673858374,121.3994382256642,64.18265910819173,0.18999564544548095,45.33947357927903,238.63427750131854,-193.21570459024474,509.883587224556,0.04325796766500028,0.009800417450924075,0.026590946106859262,0.060913970703632095,0.02045380082497805,0.0005366883827662022,0.0006546804652654403,0.0011932217197544396,0.0014914669989803818,22
36,sobol,False,70.36334957927465,237.75237875245512,361.6950375530869,-0.5328130969777704,0.248668669257313,-1.3120297063142061,-0.947489601932466,109.63665042072535,57.752378752455115,123.94265880063176,68.66831202618778,0.15588495557317905,34.87400833891567,223.71631829823582,-188.8541138494906,588.102355470338,0.040727232276025434,0.011303851961296229,0.023735180767527154,0.06392594454782152,0.01844187041872367,0.0005363901961344194,0.0005994668710453911,0.0011117633020385387,0.0011664311405376858,22
37,sobol,True,80.94570280238986,246.15076029486954,365.5975528936833,0.15370972780510783,-0.37988106794655324,-1.8693074649199843,-0.6203462401404977,99.05429719761014,66.15076029486954,119.44679259881377,75.34814990870655,0.17537459067031397,40.18702230182311,229.14962850787515,-189.0325232714073,555.038159001703,0.04534035289181981,0.010668328606179325,0.027092176903467758,0.06540469988599401,0.02198483303984021,0.0005829524684319797,0.000657392055717971,0.0014164523979067038,0.0015130918726958536,24
38,sobol,False,80.88893854059279,241.3715015714988,368.6525936368853,0.021378695592284225,-0.17424280885607002,-2.0460607963614166,-0.9290824301540852,99.11106145940721,61.37150157149881,127.28109206538647,72.2363449037075,0.1586982234173489,33.802299389188015,212.99733961289414,-179.21060848754666,531.371487791036,0.04574695424217161,0.010213434070740681,0.022718026958478854,0.08162951054118081,0.02034310919901043,0.0006429379797396523,0.0007168694517052896,0.0015935127561228174,0.0016640878198180044,22
39,sobol,True,70.41339642368257,249.03323274385184,357.75007156841457,-0.4006093512289226,-0.7810448595322669,-1.1148816705681384,-0.6387259561568498,109.58660357631743,69.03323274385184,108.71683882456273,72.663324855268,0.16928021313059705,53.78571967639926,317.7318759334525,-263.9188861565362,573.516360765911,0.03952927361870281,0.011023496129843675,0.03921307887393354,0.0560309287326587,0.020848755968879466,0.0004026013654944778,0.00046974091278809333,0.0008930979343163935,0.001021278144158595,22
40,sobol,True,73.79796685837209,237.10448466800153,365.85192196816206,0.25587350847199564,-0.2630663005635142,-1.4724518046714365,-1.0834476308897136,106.20203314162791,57.10448466800153,128.74743730016053,67.94604489021003,0.19365513225981068,54.6991533989436,282.4565130840859,-227.74113179379722,560.745247115171,0.04736101921628085,0.010778023931431206,0.03148574720416128,0.05112530122342009,0.02046117313118545,0.000533201788695601,0.0005952466179663049,0.0012490854251199638,0.0013076262701772502,22
41,sobol,False,77.49054936505854,246.3908190149814,362.31524297967553,-0.7038271185010672,0.20220631314441562,-2.41645649401471,-0.7937268761917948,102.50945063494146,66.39081901498139,115.92442396469414,75.17530638538301,,-20.328799419262474,117.5753581520317,-137.90448875627322,577.1916925377044,0.04160333928658946,0.011094139285530024,0.020074200966681218,0.1260762558960298,0.019208017721586302,0.0006929631616472521,0.0007841721710755274,0.0016135696299333913,0.0017356735324085609,23
42,sobol,False,75.39060262218118,240.13771989755332,357.31554630585015,-0.6442498227581382,0.15819657361134887,-1.8659043018706143,-1.1466662826016545,104.60939737781882,60.137719897553325,117.17782640829682,78.07505631633103,0.11186603193730676,20.78679453279247,185.8186455066364,-165.03623740133438,535.1519400775318,0.043678499633334394,0.01028609773650532,0.018481061599199333,0.08582879688206689,0.019599902298030294,0.0006198642990447038,0.0006654777601339984,0.001422652414124008,0.001377372633226805,22
43,sobol,True,71.5367339849472,243.86380801536143,368.21294846199453,0.05893071955069906,-0.4767992997542024,-1.2979978821240366,-0.8761591924354434,108.4632660150528,63.86380801536143,124.3491404466331,63.323785522952676,0.1897567662127528,57.12306678985791,301.03309584129545,-243.89374185772766,553.9592952252832,0.04410536024714903,0.010647591881863197,0.03509343051311613,0.04150728847824263,0.020563804385812838,0.00046480752156810205,0.0005550818388609735,0.0010425920765941743,0.0012489974384688163,22
44,sobol,True,68.35880441963673,242.37388372328132,360.1264718025923,-0.32444903710857037,-0.5779820327647031,-1.667265263851732,-1.0009576700627802,111.64119558036327,62.373883723281324,117.75258807931095,68.23233261704445,0.183099668284261,53.392554370024435,291.6037744379354,-238.18982702664763,537.547636251379,0.04272494086671024,0.010332145154342567,0.031865569043909026,0.0544290148993424,0.02015350306845358,0.0005105260695343903,0.0005879737719527068,0.0011867630563891576,0.0013222831793059666,22
45,sobol,False,78.55471344664693,247.72457520943135,363.6648669205606,-0.19214757066220045,-0.08505257051438087,-2.224542670417577,-0.7312339279800653,101.44528655335307,67.72457520943135,115.94029171112925,74.88984652608633,0.08572729967129743,14.741171512623104,171.95422658995327,-157.21724256863703,491.6695138340426,0.04504036227735945,0.009450326710250393,0.019068809516573332,0.09372963711109471,0.02130388169091161,0.0006437179418463283,0.0007351914998529712,0.0015180781726050862,0.0016633506640971922,22
46,sobol,False,79.5126689709723,238.13579979166389,361.2060388047248,0.13849753448739655,-0.7032628272660078,-2.3879915829747915,-1.1748520279303192,100.4873310290277,58.135799791663885,123.07023901306093,78.30663016624749,0.14825607525417606,37.817235850379106,255.08051380386095,-217.27343576947266,597.3818569663985,0.04886849418068244,0.011482212258972993,0.028201739350883697,0.07695987267173394,0.02131722080033249,0.0006776983714206729,0.0007157658432027783,0.0018141843373572083,0.001699926079500734,32
47,sobol,True,69.15098825097084,245.77209375053644,364.33620794676244,-0.5520703829824924,-0.23584599476307633,-1.4569870186969638,-0.8476347019895911,110.84901174902916,65.77209375053644,118.564114196226,64.8147803042084,0.194720559927869,51.88743852939943,266.4712886436865,-214.53678689261847,515.7701709889869,0.039421510578132854,0.00991356284272867,0.029273509639177086,0.05776111159640742,0.019034128436288794,0.0004925514222352823,0.0005895662929950385,0.001061183023063809,0.0012771174841307124,22
48,sobol,False,72.54923014342785,240.36560956854373,356.6718295663595,-0.1770409986376762,0.2821346602402628,-1.086538347415626,-1.0298666819930076,107.45076985657215,60.36560956854373,116.30621999781579,75.87740057706833,0.14625793002283938,32.09407856802842,219.43479278707602,-187.34897029343014,637.7667981419063,0.047522792464783074,0.012258446858728171,0.023840826511146624,0.06305176150610436,0.02149910760172251,0.000509257284450612,0.0005549617950691931,0.0009982265348225487,0.0010431013383846344,22
49,sobol,False,76.12795208767056,249.6265068957582,367.1058639846742,-0.30532148396596315,-0.32681160513311625,-2.030351398512721,-0.7020044814795255,103.87204791232944,69.62650689575821,117.479357088916,69.02208810299635,0.16196811797441582,35.7887330187346,220.96159087548153,-185.21308341538142,507.3088880209248,0.04191248057165938,0.009750929435152675,0.025949153362892798,0.07123777921893244,0.02034547288288187,0.0005832664554865725,0.0006967916252774463,0.001356357221601011,0.0016260205793726234,22
50,sobol,False,78.39381905831397,243.373359833844,364.77070614136755,-0.5185791996307672,-0.4138597248122096,-2.2048968682065606,-0.9376757115125656,101.60618094168603,63.373359833844006,121.39734630752355,73.62311291694641,0.15271414584227144,34.41528472787481,225.35754325876354,-190.98597549052374,540.9134697152195,0.04064502965757287,0.010396839476423973,0.026315521375679034,0.07751320867374244,0.018989775369041492,0.0006370252138951605,0.0007140033022563535,0.0015864514903366409,0.001674143713555887,22
51,sobol,False,74.64483985863626,247.1249843472615,361.64565764181316,-0.10114923510700458,0.07692551864311103,-1.6371820978820324,-0.6304531093686819,105.35516014136374,67.12498434726149,114.52067329455167,72.9991822168231,0.14854507323770386,29.242360909878027,196.8585041059154,-167.61547092580878,522.2733725283433,0.045002150845217505,0.010038560178297183,0.020549062735344074,0.07094919939418275,0.021789760655792096,0.0005526965046858702,0.0006363018304923244,0.0011943550329109763,0.001329738370451383,22
52,sobol,True,71.48058175109327,239.1126965917647,369.29466139525175,-0.7487446131184697,-0.024255114234983943,-1.2784135974943638,-1.0927641788497566,108.51941824890673,59.11269659176469,130.18196480348706,62.18592035584152,0.19382323292776393,51.5892468327403,266.166475780368,-214.51637042184808,557.3800492896004,0.03597240968290561,0.01071334182688445,0.029500480058972635,0.05174919429522026,0.01613602648318373,0.0005082868661097649,0.0005942093789929067,0.001092421395022455,0.0012540990673926321,22
53,sobol,True,81.57160217501223,244.488924279809,358.8589117862284,0.19780627144500618,-0.6571067729033531,-1.8355164313688874,-0.7847490733489394,98.42839782498777,64.488924279809,114.36998750641942,82.71269038878381,0.17792848587737656,45.58853521212979,256.21830583973025,-210.58785253878764,602.7383788353494,0.04701842479752616,0.01158516938823945,0.032420776899272474,0.05530438102790951,0.02295306607442685,0.0005686732793031971,0.0006088838769422239,0.001439357450968148,0.0013860827023433088,22
54,sobol,False,81.45727912336588,238.82197046559304,364.06355579569936,-0.3603476401418448,0.17454112144187095,-1.5643415013328195,-0.6687871651723981,98.54272087663412,58.82197046559304,125.24158533010632,77.39372332766652,0.11920138827977052,22.329119309471665,187.32264474189103,-164.99713426827694,575.7612383255747,0.040734664488767613,0.011066644679359989,0.019653401470524433,0.07873394020423409,0.019147301914501213,0.0006020594854087341,0.0006410789267222121,0.0013951920496715056,0.0013287904053321776,22
55,sobol,False,70.71321320161223,244.77013499941677,360.6036608889699,-0.22617468116804962,-0.28858306705951686,-2.132601972669363,-0.9039928106591105,109.28678679838777,64.77013499941677,115.83352588955313,70.10955231264234,0.16164711722786337,36.205018611398785,223.97565284361326,-187.8140496976624,495.9623141171106,0.045411975086805584,0.009532838161612295,0.023694789257834453,0.07388987082312398,0.021198333819136488,0.0005995174122654617,0.0006924687708887845,0.001393134209269856,0.0015612471459434101,22
56,sobol,True,74.54724610969424,243.09295463003218,366.50180256180465,-0.6076722274534405,-0.7329692452214659,-1.764438945800066,-0.8237242944538593,105.45275389030576,63.09295463003218,123.40884793177247,68.04544354788959,0.17451860225813134,50.62988692012818,290.11169161921924,-239.45019166187953,569.0782581309865,0.03675217372470716,0.010938191837644225,0.03419974045219853,0.06329139966811416,0.017920210401368146,0.0005338296857747112,0.0006173708718614764,0.0013111190281917496,0.0014730270009615585,22
57,sobol,True,77.63677122443914,247.41492907516658,356.40091438032687,0.08986027203500269,-0.13690937794744973,-1.2075170213356614,-1.0584395606070756,102.36322877556086,67.41492907516658,108.98598530516028,81.23585684411228,0.18848414189908513,45.63041390182466,242.09152792416506,-196.39322194935752,600.32896150874,0.05048427786860424,0.011538858237604465,0.02893194583599643,0.05061459445659117,0.02390673113809379,0.00048299930763539905,0.0005523238684127947,0.0010318423556281492,0.0010610359314719598,22
58,sobol,True,76.45476221852005,240.66829978115857,361.91318244859576,0.28829689640551814,-0.05416446030139921,-1.3812381532043219,-0.8813918374478817,103.54523778147995,60.66829978115857,121.2448826674372,74.54157976992428,0.18707392595744124,45.28114642331561,242.04947959245234,-196.78254560878636,568.3529112249654,0.049085724679681995,0.010924250022975434,0.026537773917259398,0.05761685259985925,0.02239247292367645,0.0005316989034436665,0.0005836651045240394,0.0011897552806236034,0.0012042947663533099,32
59,sobol,False,73.09073180146515,249.33335736952722,365.3782113492489,-0.6684748039580882,-0.5578360977582634,-2.3127942187711596,-1.136444291844964,106.90926819853485,69.33335736952722,116.04485397972167,67.71252045221627,0.14641752863283256,35.174075307813155,240.23131408001206,-205.13163754043217,519.8773841459187,0.041781685500422786,0.009992507143950375,0.02853437253917265,0.08198274939893467,0.019289308297527643,0.0006055143309301513,0.0007275413402775452,0.0014369552258255464,0.0017425659265904371,27
60,sobol,True,69.48726470954716,238.4297556085512,359.46468175016344,-0.010080360714346148,-0.5216519955545664,-1.956316995434463,-0.736255151219666,110.51273529045284,58.429755608551204,121.03492614161223,70.02258295938373,0.18100841010064378,48.24179427472192,266.5168665251446,-218.23616254249873,539.3849078663699,0.04451688539894849,0.010367459153947175,0.027899837020972065,0.05884287168084135,0.021120490559604518,0.0005756808814966738,0.0006413268884787066,0.0013955458028967473,0.0014548568596041596,22
61,sobol,True,80.07175431959331,245.46862291451544,369.563868092373,-0.4388074537739158,0.1154923112131655,-1.0126906763762236,-0.9909648550674319,99.92824568040669,65.46862291451544,124.09524517785758,70.5078862272203,0.1748562694180516,40.7901077023454,233.27792499577578,-192.51330778142696,662.6711403120764,0.0411677738292074,0.012737130534225318,0.02847587999119237,0.056646633030848006,0.01884701997541711,0.000491462386481318,0.0005677755292645948,0.0009912736508214818,0.0011113408099434098,22
62,sobol,True,79.3326950352639,242.06078246235847,358.35754991695285,-0.7868330887518824,-0.36199633218348026,-1.364497557748109,-0.8354449018836021,100.6673049647361,62.060782462358475,116.29676745459437,80.97514511831105,0.18537694416778808,48.98997607630765,264.2722173258284,-215.22082788423157,608.4654157996839,0.03703871268286879,0.011695248148202811,0.03304630379269598,0.06364774816123507,0.018559719545089174,0.0005109233781405416,0.0005449060571839572,0.0012030584186023408,0.0011494673529817904,22
63,sobol,False,68.47647670097649,248.03448339179158,368.9200918972492,0.16590294390916827,0.2319108665920795,-1.932589267846197,-1.182656730338931,111.52352329902351,68.03448339179158,120.88560850545764,59.55638480372727,0.11707797948215756,22.73447314965482,194.18231549784738,-171.4521905298101,536.7194750207179,0.05236427945814466,0.010316227156626012,0.02231820172440338,0.08661592061274259,0.021875680066931937,0.0005830926460334296,0.000728557508432145,0.0012255036260558456,0.0016071121089409179,22
64,sobol,False,72.29683815129101,239.82859233859926,362.5844757016748,-0.4841243423521519,-0.2124774158000946,-2.28950954740867,-0.6898779178038239,107.70316184870899,59.828592338599265,122.75588336307555,69.7123624496162,0.13378490651716696,27.276578527397916,203.88382544407466,-176.6186528267178,522.3790885671712,0.039909632949068234,0.01004059213488047,0.02127997667196239,0.08627169284972988,0.018876095968078727,0.000652817954967997,0.0007338683971420823,0.0015790947166646034,0.0016762568132500447,22
65,sobol,True,75.49851484410465,244.17610298562795,366.45771931298077,-0.06802875688299537,-0.673448923509568,-1.7327850838191807,-1.0375892808660865,104.50148515589535,64.17610298562795,122.28161632735282,69.04079553112388,0.18097560114124345,52.076281943532585,287.7530540864973,-235.65681867553303,568.3352632759346,0.04434565637639602,0.010923910813650036,0.03392795859178589,0.05030973658559538,0.02039025542970113,0.0005316546759339059,0.0006151799060655777,0.0012940871775471848,0.0014554177810641841,22
66,sobol,True,76.95240110903978,237.4294255534187,367.61059667542577,-0.14675712930038576,-0.616550689842552,-1.1843382525257766,-0.6026621142402291,103.04759889096022,57.429425553418696,130.18117112200707,69.34180443361402,0.1849467806420031,56.91238729875143,307.72304930744014,-250.79094971267654,616.8697714498022,0.038758416556711583,0.011856787361938905,0.03897846185387915,0.04290834918816918,0.01902103710599516,0.00047081216930733663,0.0005217597203761984,0.0011427902216990947,0.0011789406036166893,22
67,sobol,False,73.48177227005363,246.06904592830688,357.04292143136263,-0.2677614631131291,0.022746285423636436,-2.11569686839357,-0.969870669208467,106.51822772994637,66.06904592830688,110.97387550305575,76.438850838691,0.10084581769006504,17.858717405959204,177.08932125321624,-159.23534335018599,502.68537714741655,0.04793515220265984,0.009662061431191386,0.017630015098715295,0.08943228628966643,0.02220080439801713,0.0006206948983527214,0.0006970412185521299,0.0014093184471677363,0.0014929641016026038,22
68,sobol,False,69.86463372036815,241.69405605643988,363.39392477087677,0.10483181681483988,0.058928295690566346,-2.4843316511251032,-0.7571689456701278,110.13536627963185,61.69405605643988,121.69986871443689,66.47070894949138,0.019732573591093063,3.1681850296865557,160.5560985271895,-157.38812649268752,593.2696461444291,0.049508442838652196,0.01140317189817048,0.019123455094146712,0.1133937965788234,0.021924676129652536,0.000683068395786095,0.0007911832351996358,0.001589991328935068,0.001791849120330643,22
69,sobol,True,80.55572091788054,248.70748634263873,359.5223839376122,-0.5881279137916864,-0.4468960225582123,-1.5408740821294487,-1.1247294064611195,99.44427908211946,68.70748634263873,110.81489759497344,81.03333698026836,0.1814093034208068,47.214363277990415,260.26428847736344,-213.00441098017671,592.7837231411357,0.04305441948589854,0.011393832024519705,0.0334631439215931,0.0673318747210707,0.02087659279227879,0.0005162842535637399,0.0005726478095489148,0.0012107418593491764,0.0012512082449033454,22
70,sobol,True,80.6739293038845,242.3830987503752,363.61816283874214,0.17770138634368782,-0.7703799077309669,-1.0381960310041904,-1.1594122186303137,99.3260706961155,62.38309875037521,121.23506408836693,77.05576646514237,0.17420590913880957,55.573097251753936,319.0081067082091,-263.4234670057788,662.6220171090124,0.046658583513264885,0.012736186342436024,0.0439356223175572,0.04920285245984486,0.02140402435634705,0.0004329217750361033,0.0005533774479841801,0.0010501409181788877,0.0010508239211857165,22
71,sobol,False,69.76708585396409,247.60743220429868,360.1599830184132,-0.7986003221943975,-0.16761037353426222,-1.9820083165541291,-0.8678077977150678,110.23291414603591,67.60743220429868,112.55255081411451,69.6071028355509,0.158784747851388,34.997182226657316,220.40644772388566,-185.4431358000287,478.0070809879835,0.03948605011547877,0.009187722561692799,0.023450594853211573,0.07649934016168572,0.019147013557537257,0.0005709368598734824,0.0006721289396520603,0.0012703431576495975,0.0014788691043291775,22
72,sobol,False,73.60110561922193,240.15368628315628,367.8243405111134,-0.07338214907795193,0.21272439910098906,-2.3396542677655816,-1.0043286139145493,106.39889438077807,60.153686283156276,127.67065422795713,65.77676510810852,0.010261492682321386,1.6034043974248766,156.25449893729785,-154.6506427902723,612.9904815854043,0.04757962547061764,0.011782223949746748,0.020125286407476833,0.11669070475369131,0.0199649312479827,0.000691147754791875,0.0007959235352425734,0.0016220759599792605,0.001806961799580483,22
73,sobol,True,76.85340784490108,243.75262291170657,357.71830508857965,-0.4788026836700738,-0.25657233875244856,-1.408650379627943,-0.7135075410827993,103.14659215509892,63.75262291170657,113.96568217687309,79.13510275632143,0.1884191734451014,47.10631175956547,250.00805861878257,-202.83063866637903,575.9979489237696,0.04005017694417562,0.011071194468244146,0.02969825527110317,0.058959070828588075,0.02012658397760527,0.0005123570347668736,0.0005584757954070262,0.0011650316552829418,0.0011627305147855274,22
74,sobol,True,75.61757782660425,237.0946621503681,362.35046479664743,-0.281708603259176,-0.48320068363100294,-1.2330066291615367,-0.9280575463548302,104.38242217339575,57.094662150368094,125.25580264627934,73.26711302995682,0.18959764567555434,56.596823186049015,298.51015810027167,-241.88394667051395,607.0372585678657,0.040500544490696115,0.011667797692043668,0.03670138721847858,0.04601749975801253,0.01910179308851696,0.00048515865117365066,0.0005249898858748476,0.0011538250602077533,0.0011348940789424663,22
75,sobol,False,72.19843568839133,246.5085447151214,365.8035106230527,-0.13284172266721728,0.14723395621404056,-1.790108798071742,-0.6541063165292144,107.80156431160867,66.50854471512139,119.29496590793133,66.39492506533861,0.12918712634090734,24.33623392876146,188.37971412524055,-164.04974518898956,526.272962744999,0.044715347461260276,0.010115435870588479,0.020773539806032516,0.0785109959479992,0.021035752814486365,0.0005739963432159997,0.0006837752738391538,0.0012372218842465104,0.0014748015308257635,22
76,sobol,False,68.59495545364916,241.35572115238756,358.1545410566032,-0.5849232234060765,-0.09130708854645486,-2.1594834681600332,-1.0730477571487427,111.40504454635084,61.35572115238756,116.79881990421563,70.44041439704597,0.14660139919710743,30.597384292344167,208.7114069846332,-178.13034133768213,511.95371150498005,0.043193591860059354,0.009840207086503214,0.020529878896111693,0.0815274601228386,0.019596854325461568,0.0006198473760657836,0.0007010487125160728,0.0014262601543128914,0.001532506145148016,22
77,sobol,True,79.23455636762083,249.14420708548278,368.26227831840515,0.10165833542123437,-0.5888061766512692,-1.5917694522067904,-0.7997322466224432,100.76544363237917,69.14420708548278,119.11807123292238,70.97227804921567,0.18815776470962037,50.9445232707926,270.75429679670214,-219.78219975192874,573.6750421623254,0.045017223674728366,0.011026546127854047,0.03410415309046007,0.048601394825880065,0.021694901454488207,0.0005102102974821103,0.0006009276496958404,0.0012095718170490387,0.0014094693594826626,22
78,sobol,True,80.19082439504564,239.1473138667643,358.79656127654016,-0.22085459809750319,-0.2423690674826503,-1.520789114292711,-0.9551057087257504,99.80917560495436,59.14731386676431,119.64924740977585,81.39426311850548,0.19044343234777333,46.700664910806736,245.22066387422345,-198.46318162862144,594.1196335329757,0.04387833909228671,0.01141950941411431,0.028884895707476998,0.056790020485105085,0.020627851481537073,0.0005571591728106034,0.0005818510478993142,0.0013441567616098431,0.0012313913503866675,22
79,sobol,False,69.38887017406523,244.34640227258205,369.3710593152791,-0.36570260385051373,-0.7138184164650738,-2.4647931386716664,-0.6267926512286067,110.61112982593477,64.34640227258205,125.02465704269707,60.017810858786106,0.14953210821781365,36.82575899454534,246.27325484439544,-209.49717246694834,542.7132670378439,0.03951808105460168,0.010431433186695737,0.028546424189624265,0.0755156738082656,0.018902324164889853,0.0006261276028575348,0.000764299674292152,0.0015250528854154444,0.001908820469856894,22
80,sobol,False,73.20921764709055,243.41472691763192,361.2691746763885,0.07809566324576733,-0.3334815436974168,-2.0944031183607876,-1.1008191861212253,106.79078235290945,63.414726917631924,117.85444775875658,71.94004297070205,0.16897291997560118,39.79765918215366,235.52684766233688,-195.74090267595082,516.5799416496776,0.04955323405993524,0.009929127357282823,0.024659371280833293,0.07205398413768753,0.022096342947027944,0.0006043642698570782,0.0006851629635977253,0.0014391357520560596,0.001553712770387973,32
81,sobol,False,76.35663147829473,246.9884186917916,365.13389271497726,-0.5958711644634604,0.27144059753045435,-1.1632247469387949,-0.7717136252671479,103.64336852170527,66.9884186917916,118.14547402318567,71.22273876331747,0.1283476624523111,25.865877738585578,201.52979216272294,-175.66918275015985,630.2687563726831,0.04006327931553837,0.012114327806371837,0.023658110575907172,0.06674228117532405,0.01907207436089935,0.0005091104310869345,0.0005914080326790196,0.0010010473485763764,0.0011347058106444881,22
82,sobol,False,77.75498670339584,240.3304095985368,367.1805511992425,-0.6716456647962332,0.08771215928718445,-1.7126786694861948,-1.1691384963691234,102.24501329660416,60.33040959853679,126.85014160070568,70.57443550415337,0.16004035577156836,33.637347654777386,210.18041038842253,-176.5552683384163,543.5163989353532,0.039747493055616194,0.010446870098298615,0.02196273041660777,0.07546497407141727,0.017438908110452674,0.0005989231629535322,0.0006707402988824322,0.0013828050638391035,0.00145682211603918,22
83,sobol,False,74.44970617070794,249.7696363935247,356.6111864242703,0.29150421144440775,-0.40763431768864394,-2.2699553105048835,-0.8583287123590708,105.55029382929206,69.7696363935247,106.84155003074557,77.83851974643767,0.1303000538397245,27.353008760089352,209.92323451941857,-182.5821348038866,504.0273105780713,0.05237578616649464,0.009687854588965605,0.022759210911397095,0.07854564927035856,0.02499729816484112,0.0006099651128247266,0.0006941993746846792,0.0014333430437371796,0.0015595127505289334,22
84,sobol,True,70.83255364373326,238.0946434698999,364.69768391922116,-0.42489361865445974,-0.646173266414553,-1.911311264615506,-1.0147781582549213,109.16744635626674,58.09464346989989,126.60304044932127,66.1348697245121,0.17904593395320473,51.585585211877664,288.11369279885474,-236.5035574626873,559.433725953846,0.039626201882361115,0.010752815324606516,0.03134504697343593,0.05588910289967338,0.018129103389884337,0.0005669554565740573,0.0006439904907424981,0.001402049325884699,0.00151951872937387,22
85,sobol,False,81.35829378664494,245.90847343951464,360.83126310259104,-0.02402907647192476,-0.017891233600676015,-1.3434055210091174,-0.7033234996721148,98.64170621335506,65.90847343951464,114.9227896630764,80.5270306840539,0.16875479207812547,35.92147367665874,212.86194741082554,-176.95503418773995,597.4880405869261,0.04534490798259026,0.011484253202893714,0.024563386085500776,0.061259965206191834,0.0220188735332508,0.0005278372982637388,0.000577107293413272,0.0011660615719525879,0.0011708896018702549,22
86,sobol,False,81.69878909178078,238.6226629121229,369.9665715917945,-0.5467505601234735,-0.29497160017490387,-2.244102640543133,-0.8991146737709641,98.30121090821922,58.622662912122905,131.34390867967159,71.73221749998629,0.14445833695476887,30.624582185457943,211.99594866613174,-181.38894787068102,550.5802163592333,0.03815363613314593,0.010582642971334136,0.02420287514312673,0.08678274786397636,0.017327712526179255,0.0006838943595749642,0.0007513879032956316,0.0017749489140131598,0.001799776083522556,22
87,sobol,False,71.38774058036506,245.38362189289182,359.0760189332068,0.13314230646938086,0.16358296247199178,-1.6873774114064872,-1.1330769499763846,108.61225941963494,65.38362189289182,113.69239704031497,72.31172164715827,0.1411250228877093,28.386679815255338,201.1456170876381,-172.762372499829,523.3322877307169,0.052914486177874344,0.010058913473222561,0.020226576574696065,0.07487875268552911,0.023346354892690973,0.0005612551138155886,0.0006425748905618985,0.0011959734246535627,0.0013168291217586718,22
88,sobol,True,74.77229703776538,240.8560426402837,365.4116676989943,-0.31708635706454513,-0.1431762222200632,-1.3190842079930007,-0.7446029797196387,105.22770296223462,60.856042640283704,124.55562505871058,69.3606293387711,0.19672981970941028,50.6516724470938,257.468199390979,-206.76066995956717,565.3966084496453,0.04017495761933251,0.010867427246099695,0.02948810445870314,0.050964020691996625,0.019207247274219463,0.0005096590188847872,0.0005771817952830728,0.0011327517137035355,0.0012203355705954339,22
89,sobol,True,78.30038719065487,249.2408115323633,361.8664230834693,-0.16524019585922356,-0.7437973230145872,-1.8871765942312777,-0.9782225053757428,101.69961280934513,69.2408115323633,112.62561155110598,76.4339641071856,0.17148874910689263,46.23937524442441,269.63503719770216,-223.36196588823822,572.5571346727503,0.045154266997976686,0.011005058948537318,0.033909805806859664,0.06171369067454772,0.021875871781003954,0.0005455153569967301,0.0006231986487549919,0.00133123467345828,0.0014593977639016501,22
90,sobol,False,76.25599339231849,242.89864637888968,356.0105475336313,-0.10432035615667701,-0.547184521239251,-2.4359892732463777,-0.6627808213233948,103.74400660768151,62.89864637888968,113.11190115474164,80.24544585868716,0.12069109975909961,26.034327078149644,215.71041385913597,-189.69027727743443,543.3599396599288,0.045010813521483846,0.010443862811436186,0.024419894847206337,0.08335349208242476,0.02199366811395208,0.0006614413510121321,0.0007131897903355139,0.0016670589384961852,0.0016280178315213787,22
91,sobol,True,72.45553458482027,247.50130624882877,366.90622010454535,-0.5153721489012242,-0.047537007927894614,-1.4925310392864048,-0.9143937136977911,107.54446541517973,67.50130624882877,119.40491385571659,65.54931448027492,0.18799815097182618,44.76296777403842,238.10323422141903,-193.36979672083777,524.5504346933931,0.040794753533073026,0.010082327344643262,0.026040611653984864,0.058499656446597235,0.019204372411123084,0.000515086816215036,0.0006201136836289475,0.0010959992383768608,0.001334353298554975,22
92,sobol,True,69.27759104222059,238.63520702999085,360.55519759841263,0.21171984225511564,0.12602219888940458,-1.1360008870251477,-0.8083429405465722,110.72240895777941,58.63520702999085,121.91999056842178,68.72239344380796,0.18083738528890406,45.37915199377746,250.93899649831903,-205.5692721408457,592.3868830061201,0.04820756287943705,0.011386204403074574,0.027047044094117057,0.05272776573120916,0.02200863747823467,0.0004963739729415832,0.0005577036023581011,0.0010033786319624707,0.0010639772437095805,32
93,sobol,False,79.42009149119258,244.86167661752552,364.09872608445585,-0.7626935890875757,-0.5151546243578196,-2.0673602572642267,-1.0594654535874723,100.57990850880742,64.86167661752552,119.23704946693033,75.32136540673673,0.16178208895773405,39.787975318858074,245.9356012472603,-206.06689099963242,560.4721601707442,0.038897293319609214,0.010772774956718472,0.02966724053470836,0.07752782380362368,0.018387774481046903,0.0006066067763262447,0.0006792101690639387,0.0015098893225429226,0.0015900839752219739,22
94,sobol,False,78.68274932727218,241.86158280819654,359.8856257945299,-0.38881117310374974,0.24270930895581855,-1.809852289967239,-0.6157008804380893,101.31725067272782,61.861582808196545,118.02404298633337,78.79712353274226,0.0393770163652513,6.209514827082911,157.69388847252958,-151.48483915498983,552.202018080724,0.04211478644809187,0.010613815447349207,0.017540747435838985,0.09227023826893686,0.020051954560669286,0.0006232869963637424,0.0006722399030767318,0.001421761379101175,0.0013892492487373044,22
95,sobol,True,68.26510260254145,248.6478860192001,363.0174966715276,0.00961120193824172,-0.3557675156742334,-1.252929700538516,-0.961812399700284,111.73489739745855,68.64788601920009,114.36961065232754,65.24760593101382,0.19395885384575046,55.92495115295832,288.3340978980713,-232.3889141096266,531.7113196724448,0.046783129448715155,0.010219965942690253,0.0328896927847193,0.04428205184291828,0.02219829253041381,0.0004454956478992365,0.000540541543073714,0.0009328898977814305,0.0011536643716116694,22
96,sobol,True,71.66333135217428,237.59178941044956,357.1193742174655,-0.709180770907551,-0.6625287923030556,-1.609748413786292,-0.7608327018097043,108.33666864782572,57.591789410449564,119.52758480701596,74.54395713470876,0.17631262479075166,52.098278615784615,295.4880779389168,-243.3598004570431,577.3264515796423,0.036149855123330445,0.011096729474544475,0.03409274975147281,0.06085722579781801,0.018126705828041607,0.0005209097645753208,0.0005626471132751028,0.001277113750487518,0.0012515703332355035,22
97,sobol,False,75.29801888391376,246.00190233904868,367.54830144904554,0.26119490284472713,-0.20611851811409,-2.178009639494121,-1.1072961268946528,104.70198111608624,66.00190233904868,121.54639910999686,67.74971743486822,0.15245357686840758,33.32138146779951,218.56739705465438,-185.26216891556032,497.2207206080681,0.051288169723656185,0.009557025857085035,0.022238457046295963,0.0834788463071693,0.02215182004448625,0.0006233474298806708,0.0007345597901466979,0.0014693950920629405,0.0017140119988929992,22
98,sobol,False,77.61773085780442,239.65968943480402,366.0829951390624,0.04498331509530551,0.016210886463522978,-2.0046543665230274,-0.834127196855843,102.38226914219558,59.65968943480402,126.42330570425838,71.53473571874201,0.13959391381003175,27.479355846116267,196.85210548299347,-169.37882921051124,535.5972744566669,0.046410402164618184,0.010294657460587692,0.018732435656905244,0.08690692619460971,0.02071624796076469,0.0006425287270123017,0.0007126873274410024,0.0015417377084747377,0.001593317651608586,22
99,sobol,True,73.70511942915618,244.2371042566374,362.94600361958146,-0.6303346763364971,-0.6271102129481734,-1.0610272819176316,-1.1977439923211932,106.29488057084382,64.2371042566374,118.70889936294407,70.75911580957472,0.17552489770110913,56.09016340260223,319.5567360370426,-263.44712980298004,599.0570795226565,0.03962379052637679,0.011514411531092929,0.04031884965287816,0.054594375570887775,0.018686406177393273,0.00042358490372451635,0.0004929321893023413,0.0009548667949751341,0.0010545454504164566,22
100,sobol,True,70.54084817878902,241.89942282438278,368.8595007006079,-0.1889431404881179,-0.45355311036109924,-1.429580525495112,-0.6791852049529552,109.45915182121098,61.89942282438278,126.96007787622511,61.681347478181124,0.19234563395270154,56.24009405757853,292.39080140185644,-236.12820837363705,541.2881177027854,0.0400545623681286,0.010404040544995878,0.03295283617159465,0.04689132104591544,0.01928510466785253,0.0004890381447095696,0.0005829306082393667,0.0011147880917418873,0.0013305133475634136,22
101,sobol,False,80.795500414446,248.10064755752683,358.4322886597365,-0.3276227828115225,0.04823869140818715,-2.361137267202139,-1.043301535025239,99.204499585554,68.10064755752683,110.33164110220969,82.36321175470948,,-5.00299651983814,140.93358310850982,-145.9375312726652,508.26854997688145,0.04889109720154245,0.009769374994130832,0.015981392795974138,0.11233408209988402,0.022349426286020956,0.0006810666582331783,0.0007471038595588467,0.0016178507096045029,0.0016353127825972495,22
102,sobol,False,81.06684944406152,239.88149709347636,361.488183895126,-0.7346894626505673,-0.5720630933530629,-2.210497919935733,-0.7356680234894156,98.93315055593848,59.881497093476355,121.60668680164963,79.57866554893553,0.15013004626580798,35.763926252359454,238.21964451432174,-202.52762337131702,585.4374514151342,0.036217227879675434,0.011252630127799253,0.028665559686393765,0.07684964532066636,0.017893050938030942,0.0006533443188862398,0.0006919687560923423,0.001714998845302553,0.0016159654957055296,25
103,sobol,True,70.26275831460953,243.6201534466818,364.9153892081231,0.21798784416168937,-0.1092064781114459,-1.6535749672912061,-0.9868645006790757,109.73724168539047,63.6201534466818,121.29523576144129,65.34736910648644,0.192202582491742,47.80201367416833,248.7064068258404,-200.84330295213408,502.9018488235724,0.049226938147236055,0.009666222209937328,0.025325846531609516,0.060506900977884644,0.021956508964748007,0.0005395504862749041,0.0006359851634955487,0.0011896455394562085,0.0013884461413436276,22
104,sobol,False,74.08486880362034,242.51716554164886,359.0146761313081,-0.5008271584287286,0.12961675887927415,-1.2618832006119192,-0.8901797097176314,105.91513119637966,62.517165541648865,116.49751058965921,75.07019267231226,0.16408676773850664,36.63789732489361,223.28367990818617,-186.66201257878652,586.0829576356813,0.04210703801698687,0.011265037333261514,0.02416314361658956,0.06017085185417707,0.019922439494677483,0.000516167445650896,0.0005718648429032866,0.0010742172736107405,0.0011075848418033321,22
105,sobol,True,77.23100032284856,247.88121872022748,369.15168773010373,-0.08465602966025465,-0.46671041939407587,-1.830144074279815,-1.1417189374566077,102.76899967715144,67.88121872022748,121.27046900987625,68.07931259274483,0.18479159447394947,48.038185498890364,259.9587153065148,-211.88877329698687,542.9622373869196,0.04586029890721259,0.010436218618929642,0.03068992706465758,0.058573995844335716,0.02060817317088157,0.0005529917265078485,0.000657560231700995,0.0013093851971633186,0.0015551721498563108,22
106,sobol,False,75.13101177848876,241.23429381102324,364.47830046899617,-0.16345160221681,-0.2743888540193439,-2.4053243095986545,-0.8172778990119696,104.86898822151124,61.234293811023235,123.24400665797293,70.65271130949259,0.11869266001596598,23.826991248799498,200.74527983107296,-176.92622483771632,518.3320222376008,0.04452859775696693,0.009962803909342038,0.02134677221171663,0.09260022489067683,0.020292357938589516,0.0006738159682298992,0.0007591178770359586,0.0016629275163168092,0.0017729254822228058,22
107,sobol,False,71.82359433732927,248.85781816765666,361.04939321242273,-0.2843972101807595,0.22955245478078723,-1.4616968729533255,-1.0508234739303588,108.17640566267073,68.85781816765666,112.19157504476607,70.77420112490654,0.1322899298815267,26.323762451120626,198.98538365463705,-172.6680462892349,551.0823937871662,0.047824318357076144,0.010592295269528247,0.02191200042583591,0.06963349644865725,0.021848965319058642,0.0005252730038785504,0.000618628296341216,0.0010582604904982803,0.001232996534700507,22
108,sobol,True,68.20820482634008,237.37947844062,366.962062060833,0.15698391720652582,-0.15107080433517694,-1.0816909992136061,-0.6717157697305083,111.79179517365992,57.379478440620005,129.58258362021297,61.2461427655071,0.19369745276382766,56.94455551267179,293.98711599012825,-237.02287762291985,564.5000119048026,0.043991348032049245,0.010850193860588416,0.03335456346362476,0.04086932263126246,0.020485704851530232,0.00046597264748827035,0.0005423335350942776,0.0009800181914872204,0.0011151306622724992,22
109,sobol,True,78.7326626572758,246.6283994289115,356.8301845602691,-0.5360513566993177,-0.787945702020079,-2.013247377704829,-0.9057517239823938,101.2673373427242,66.62839942891151,110.20178513135761,81.90247809700668,0.15612963278397524,42.06306703785339,269.4111699862439,-227.29021198877885,587.8786605951268,0.04142144517096097,0.011299552346220099,0.034287688107938204,0.07318015751429921,0.020791118116846266,0.0005737673057103273,0.0006260975841814901,0.0014402183942304261,0.00144052433787346,22
110,sobol,False,79.79996063746512,243.14257320202887,368.04243035800755,-0.34260412137955426,-0.03438389096409078,-1.8492924245074391,-0.7518966067582369,100.20003936253488,63.14257320202887,124.89985715597868,71.75753027945757,0.15739479371851192,31.608108189336907,200.820544584629,-169.22417515526,521.1976297410255,0.04102232200739241,0.010017883442176056,0.021577009402258065,0.07765197536088225,0.01920690584175228,0.0006090058513517517,0.0006886849215932338,0.0014388330659903814,0.0015455654148422435,22
111,sobol,True,68.89098111353815,246.85589171759784,357.4989084955305,-0.2085066811181605,-0.6285583966411651,-1.2925668433308601,-1.115939263254404,111.10901888646185,66.85589171759784,110.64301677793264,71.39207261800766,0.17911156309829598,55.29043375029481,308.692709693743,-253.38548495870975,553.287082078646,0.04601121132458026,0.01063467134545428,0.03622515089875066,0.05060744822983451,0.0220448802680908,0.0004398047665147837,0.0005288524156612606,0.0009752701802760741,0.0011040383905280148,22
112,sobol,True,72.72676306031644,239.2814165679738,363.83709359169006,-0.6587081515230239,-0.3897330595180392,-1.6728334724903107,-0.6067647753283382,107.27323693968356,59.28141656797379,124.55567702371627,68.88966946862638,0.1884050284733214,49.91158771856931,264.9164309626529,-214.94945934271274,544.4528447836499,0.03524671359157902,0.01046486942297476,0.02929842542135482,0.06025199926189831,0.017560027243977542,0.000545978407474244,0.0006145233953607418,0.0012981669229627157,0.0013814535402483365,22
113,sobol,False,75.97778380848467,244.62013171520084,359.94140104576945,0.03888311479240658,0.07097087902948263,-2.2409254955127835,-0.9704555260017513,104.02221619151533,64.62013171520084,115.32126933056861,76.03638276271522,0.050140740958153254,8.132651500404993,162.1964762585457,-154.06453677105173,530.8134362650995,0.050901656083732316,0.01020270782253357,0.01634150773262884,0.10292374857337341,0.022754167917070373,0.0006580174076237494,0.0007336866013462494,0.0015353540283957073,0.0016033701762647277,22
114,sobol,False,78.24360913410783,237.97325475048274,357.9359701666981,0.23725266195833683,0.28900406425818814,-2.0412033814936876,-0.6881213111802935,101.75639086589217,57.97325475048274,119.96271541621536,80.30763896740973,,-6.77965320516299,144.6266718072152,-151.404263594383,584.0617078533779,0.050850364463518975,0.011226187109140771,0.015732659688304007,0.1102174282454285,0.02284097394674346,0.0006771365016343579,0.0007072258706195454,0.0016060024455951496,0.001471601588669125,22
115,sobol,True,74.82233092188835,245.62201776262373,368.4811947029084,-0.719443519692868,-0.35002350602298976,-1.0977447843179107,-1.0346584053710102,105.17766907811165,65.62201776262373,122.85917694028467,66.34113621897995,0.19170163984526495,55.93687120956205,291.79130264463254,-235.8224246507842,588.0178161785362,0.03701791982686239,0.01130222704068411,0.036297195464647755,0.05605878217415935,0.017557591189233297,0.0004482053957871416,0.0005313408583142068,0.0009688362551857812,0.0011437263964940835,22
116,sobol,True,71.22061286866665,240.6152648497373,362.1310529485345,0.007654716540128059,-0.7306446691043675,-1.4897258272394538,-0.8430632952600717,108.77938713133335,60.61526484973729,121.5157880987972,69.08955992013216,0.17792567944185414,55.035715449531644,309.31856279642443,-254.2667115614885,571.5468303259921,0.04370425936031922,0.010985639997626171,0.03602838238614181,0.04390142734186459,0.02083609686701578,0.0004870139877006527,0.0005521558677093469,0.0011690246188699716,0.001262243876023696,22
117,sobol,False,81.85893230512738,249.88942468725145,366.02161233499646,-0.42113114334642887,-0.2245506836101413,-2.4210848454385996,-1.1891008548438549,98.14106769487262,69.88942468725145,116.13218764774501,75.83731997013092,0.07410684896541248,13.214699736557966,178.3195469925539,-165.11053522380163,500.5613437858754,0.04646184309247033,0.00962123561497694,0.02281677011264259,0.09940508084087199,0.020764072596198474,0.0006715161651263421,0.0007720937431913354,0.0016325273323588656,0.0018128679668994103,22
118,sobol,True,81.30664437822998,240.92504287976772,356.8999473489821,0.12078345445916061,-0.4976066637784243,-1.1655292380601168,-0.9956854742020368,98.69335562177002,60.925042879767716,115.97490446921438,84.40669702924788,0.19134531118698903,53.67210645324735,280.4986760339122,-226.80788016026216,655.8751006253169,0.04727902615801048,0.012606504588201372,0.03711740537833883,0.04048489317646501,0.022505775933801812,0.00047888510808840023,0.0005452679576805953,0.001145172638926353,0.0010360496654872097,22
119,sobol,False,70.89113414473832,249.57649082038552,367.76636143773794,-0.569843221642077,0.10946269789710639,-2.1095336144790053,-0.7224436417222022,109.10886585526168,69.57649082038552,118.18987061735243,63.124772707000375,0.08851958274393754,15.119046725823049,170.79889282305174,-155.6836657361241,521.6245540663296,0.0407903762435283,0.01002608930859884,0.02186785196020138,0.09044124042038064,0.019197572757096614,0.0006038840726604973,0.000745838735052697,0.0013121674117441376,0.001681325588854812,22
120,sobol,False,74.28770710714161,238.28540712222457,359.6670665871352,-0.12603451330214743,-0.06434513181447976,-2.4906323989853263,-1.150769086740911,105.71229289285839,58.28540712222457,121.38165946491063,74.62064052000642,0.06277970444971062,11.229395624018021,178.86983894633138,-167.64221035295617,577.4754221432003,0.049033169053426064,0.011099592821683603,0.01664605084653018,0.10899984219271966,0.020891957412799176,0.0007091669754762551,0.0007677711608926586,0.0017486441732548518,0.001721654390775119,22
121,sobol,True,77.92367653362453,245.3130451515317,363.2364514414221,-0.2542394881136716,-0.5293501722626388,-1.5594543907791376,-0.8767439061775804,102.07632346637547,65.3130451515317,117.92340628989041,74.68722509220243,0.18819440620828207,51.18011521374562,271.9534349873428,-220.74431674679275,579.6800457623854,0.04230705683809502,0.011141967654550434,0.033628062289296004,0.055416485996717176,0.020504797816738557,0.0005163700769468107,0.0005821260282835831,0.001230734957347745,0.0013138794670021425,22
122,sobol,True,76.74162588268518,238.9596992470324,369.0784464739263,-0.46756427278742196,-0.7602718516252935,-1.3574431063607335,-1.0816908812150359,103.25837411731482,58.959699247032404,130.1187472268939,67.66317940875888,0.1733655338077133,55.5103374968226,320.1924643129548,-264.66518087630783,610.6418824977322,0.03753420815313884,0.011737081779924545,0.04020056235753365,0.05063365746589972,0.017261459814723015,0.00048465781124047046,0.0005475935179725132,0.0012070168058800012,0.001294314034252402,22
123,sobol,False,72.83115094527602,244.94502918422222,358.2137484103441,-0.05007554963231087,-0.12554538734257226,-1.9147201105952263,-0.7907961437478661,107.16884905472398,64.94502918422222,113.2687192261219,74.6174025349319,0.16261963692043233,34.32623722556862,211.08297789623032,-176.77881978180704,491.8665978946849,0.04704742455013368,0.009454114841729052,0.021613358312030494,0.07216143745398913,0.022401812999630066,0.0005821418044497062,0.0006561519782022047,0.0013256703757827566,0.0014147124092124717,22
124,sobol,False,69.66522390767932,242.81689501274377,366.3010733034462,-0.7664503827691078,0.18146871449425817,-2.3075162321329117,-0.9367006804794074,110.33477609232068,62.81689501274377,123.4841782907024,63.364150604233146,0.03092711000812818,4.865186498680309,157.31138465254767,-152.44689985303665,583.7165715438496,0.039421612232380054,0.011219553281350271,0.02194093851735667,0.1061976378308208,0.017531804544082392,0.0006579373648733808,0.0007807911527851304,0.0014863466624517394,0.0017583328673749339,22
125,sobol,True,79.92115803807974,247.178415232338,362.72656864114106,0.1800249912776053,-0.3117304190993309,-1.7396108405664563,-0.6451702237129211,100.07884196192026,67.17841523233801,115.54815340880305,77.19458939693868,0.1801414403141723,40.97275680886628,227.44770296833704,-186.54851459183735,552.4313964189902,0.04641130779883721,0.010618224303655888,0.02670529753331213,0.062278402883960846,0.022683349553627163,0.0005592830737499734,0.0006281937223590748,0.001319445653888173,0.0013982750887745303,27
126,sobol,True,79.07267785817385,237.6608317103237,365.19314017519355,-0.030668484233319693,0.030406669992953606,-1.3875718559138477,-1.0921771941706537,100.92732214182615,57.66083171032369,127.53230846486986,73.8795376829803,0.18248857009964645,43.4072112024746,237.86262985551605,-194.51838998826926,585.4292161115071,0.04570886321429682,0.011252471837916224,0.026293660054967433,0.06205124827109838,0.019903271738005702,0.0005584264056421611,0.0006031133343378906,0.001279051062631914,0.0012532310233638714,22
127,sobol,False,68.76376500353217,246.33751830644906,362.08540953695774,-0.4527320825494826,-0.4367425933480263,-2.3313845046795905,-0.7806485759094357,111.23623499646783,66.33751830644906,115.74789123050869,66.67835546657443,0.14603667593843367,32.9532889890855,225.65077421358174,-192.72678415207207,500.8527682882269,0.041891841928461244,0.009626837053913264,0.025117501502851265,0.07728223573894787,0.020057761730658243,0.0006101811450601473,0.0007250137044226319,0.001423437433676645,0.0016880878891263125,22
128,sobol,True,72.14666650816798,241.5243687396869,369.74722986482084,0.27247987827286124,-0.6105525149963796,-1.9375895732082427,-0.9464637268334627,107.85333349183202,61.524368739686906,128.22286112513393,62.399436643347144,0.17895402367029412,51.212693064406814,286.1779356174822,-234.9423613871932,549.7790368861125,0.04686840712073933,0.010567243587069907,0.031135424338662628,0.05736241509357397,0.02074777399077296,0.0005661298297232693,0.0006705000023540419,0.0013795948693318277,0.0016255351097110256,22
129,sobol,True,75.67603772133589,248.5772456182167,359.29416406340897,-0.6871620146557689,-0.0013389427214860472,-1.0065860371105373,-0.6357276119291783,104.32396227866411,68.5772456182167,110.71691844519228,76.38187365792692,0.1737842438166255,41.538000413542086,239.02052051031941,-197.51337039555213,624.0521206013118,0.03808714402487949,0.011994838520530293,0.028600856028346815,0.05846363198089351,0.019447904320503723,0.00045884083479811764,0.0005226471040320257,0.0009043457704348165,0.0009856144632124856,22
130,sobol,True,77.12988218478858,242.22394785191864,360.7733508385718,-0.6276519272476435,-0.18935730606317525,-1.5824067783541977,-1.0234201434999703,102.87011781521142,62.22394785191864,118.54940298665315,76.3565313462168,0.18664981452610627,45.29481964311052,242.67272784659124,-197.3897785206756,555.2142966053959,0.04044763903965113,0.01067171412806755,0.0275753167569476,0.062136185343670325,0.019088111600191065,0.0005498055632083388,0.0006029187131223254,0.0012765324358924048,0.001289475281254225,32
131,sobol,True,73.33155903406441,248.18393995147198,363.87936618179083,0.07560416655614977,-0.6804122167639435,-2.1395092993043363,-0.6943885378539562,106.66844096593559,68.18393995147198,115.69542623031884,69.45219285227358,0.16396272683886734,41.53971871585776,253.34854766522935,-211.72993876665382,534.312260083151,0.045736127237092646,0.010269958337873338,0.02905837392840918,0.06307805369572225,0.022229166097380848,0.0005765141894177829,0.0006813843882995249,0.001383533568548009,0.0016234266166243743,22
132,sobol,True,70.15196053870022,239.57797044329345,356.22951502911747,-0.37650456009432676,-0.3734002191573382,-1.7573944493196905,-1.177780489437282,109.84803946129978,59.57797044329345,116.65154458582401,73.92244550958276,0.18703153535740571,50.054337514896645,267.62512225142086,-217.54213634563447,534.8475107883086,0.04461138809878776,0.010280246333962796,0.028191650690681996,0.05594413394356356,0.020393350654167124,0.0005510758384079243,0.0006048345331699369,0.00129422385732312,0.0013096008228410416,22
133,sobol,False,80.29574204795063,243.91415263153613,366.6877015773207,-0.24426182769238947,0.2591820345260203,-1.1896807965822518,-0.8493937583640218,99.70425795204937,63.914152631536126,122.77354894578457,73.60804047062993,0.12973245416375145,25.8768354791632,199.4630845917771,-173.5906926408138,646.3746938458011,0.043653150357984095,0.012423898293890826,0.023159604251085025,0.07007220746174814,0.020006482372347218,0.0005332154943036579,0.0005992748395374812,0.00110201955195165,0.0011692675825424714,22
